"","x"
"<U+00E0>lle",1
"<U+00E9><U+00E9>n",26
"<U+00E9><U+00E9>nticketsysteem",1
"<U+00E9>n",12
"<U+00EB>nt",1
"<U+2003>",1
"<U+2013>",17
"<U+2013>processen",1
"<U+2013>vrouwen",1
"<U+2018>",2
"<U+2018>blackbox<U+2019>",1
"<U+2018>carry",1
"<U+2018>eenmalig",1
"<U+2018>foodtoepassingen<U+2019>",1
"<U+2018>gazellesprong<U+2019>",1
"<U+2018>geopuntbe<U+2019>",1
"<U+2018>gezin<U+2019>",1
"<U+2018>goedkoop",1
"<U+2018>gratisbeleid<U+2019>",1
"<U+2018>hidden",1
"<U+2018>individualiseert<U+2019>",1
"<U+2018>intrapreneurship<U+2019>",1
"<U+2018>native",1
"<U+2018>nieuw",1
"<U+2018>nieuwe",1
"<U+2018>on",2
"<U+2018>open",1
"<U+2018>pact",1
"<U+2018>patient",1
"<U+2018>perfecte",1
"<U+2018>promotieval<U+2019>",1
"<U+2018>recht",1
"<U+2018>rentevruchten<U+2019>",1
"<U+2018>samenwerkingsakkoord",2
"<U+2018>sport",1
"<U+2018>tabel",1
"<U+2018>tax",3
"<U+2018>teach",1
"<U+2018>turbomanager<U+2019>",1
"<U+2018>valley",1
"<U+2018>verchequeing<U+2019>",1
"<U+2018>vermaatschappelijking",1
"<U+2018>verstandig",1
"<U+2018>verwitten<U+2019>",2
"<U+2018>vision",1
"<U+2018>waar",1
"<U+2018>wit<U+2019>",1
"<U+2019>",1
"<U+2019>ers",1
"<U+2019>n",2
"<U+201C>dplan<U+201D>",1
"<U+201C>learning",1
"<U+201C>we",1
"<U+201C>wij",1
"<U+2022>",81
"<U+2026>",17
"a<U+00EB>rodynamicaindustrie",1
"aafisc",1
"aanbesteden",1
"aanbesteding",1
"aanbeveling",1
"aanbieden",4
"aanbieders",1
"aanbiedt",1
"aanbod",21
"aandacht",9
"aandachtspunt",2
"aandeel",3
"aandelen",1
"aandoeningen",1
"aangaan",1
"aangeboden",1
"aangeeft",1
"aangegane",1
"aangegeven",1
"aangegrepen",2
"aangelegd",1
"aangelegenheden",2
"aangemoedigd",3
"aangename",1
"aangepast",4
"aangepaste",9
"aangerekend",1
"aangetast",1
"aangetekende",1
"aangeven",3
"aangevraagd",1
"aangevuld",2
"aangewezen",1
"aangezien",1
"aangifte",1
"aangiftes",1
"aangroei",2
"aanhouden",2
"aanhoudend",2
"aankoop",3
"aankoopbeleid",1
"aankopen",1
"aanleg",3
"aanleiding",5
"aanleunt",1
"aanmerking",1
"aanmoedigen",4
"aanmoediging",1
"aanpak",4
"aanpassen",4
"aanpassing",4
"aanpassingen",2
"aanreikt",1
"aanscherpen",1
"aanslag",1
"aansluiten",2
"aansluiting",4
"aanspraak",1
"aanspreekpunt",1
"aanspreken",1
"aansturen",1
"aantal",34
"aantasting",1
"aantrekkelijk",2
"aantrekkelijke",2
"aantrekkelijker",2
"aantrekkelijkheid",2
"aantrekken",2
"aantrekkingskracht",1
"aantrekt",1
"aanvaardbaar",1
"aanvaardbare",1
"aanvangsbegeleiding",1
"aanvangsdiagnostiek",2
"aanvullen",1
"aanvullend",2
"aanvullende",3
"aanvulling",2
"aanwakkert",1
"aanwenden",1
"aanwerving",1
"aanwervingspremies",1
"aanwezig",3
"aanwezige",3
"aanzet",1
"aanzetten",2
"aanzien",7
"aanzienlijk",1
"aanzienlijke",2
"aard",2
"aardappelbereidingen",1
"aarde",2
"abnormaal",1
"absolute",2
"absoluut",1
"absorptiecapaciteit",1
"abstracte",1
"academische",1
"accenten",1
"accijnzen",5
"accountant",1
"accreditatie",1
"achtergrond",1
"achterkleinkinderen",1
"achterpoortjes",1
"achterstandssituaties",1
"achteruitgang",2
"actie",1
"actief",3
"actieplan",3
"acties",2
"actieve",1
"activeren",3
"activerend",1
"activering",3
"activeringsbeleid",1
"activiteit",3
"activiteiten",8
"actor",2
"actoren",12
"actualiseren",1
"acute",7
"adaptor",1
"adem",1
"ademruimte",1
"adequaat",1
"administratie",5
"administratief",2
"administratieve",9
"adressenbestand",1
"advies",1
"adviezen",3
"afbouw",3
"afbouwen",1
"afbraak",3
"afbreuk",2
"afgebouwd",1
"afgelegd",1
"afgeleide",1
"afgelopen",6
"afgesloten",1
"afgesplitst",1
"afgesproken",1
"afgestemd",5
"afgewerkt",2
"afhandeling",1
"afhangt",1
"afhankelijk",2
"afhankelijkheid",2
"afkomstig",1
"afleveren",1
"afnam",1
"afname",2
"afnemen",1
"afregelt",1
"afruil",2
"afschaffing",1
"afschrijvingstabel",1
"afschrikken",1
"afspeelt",1
"afspraken",8
"afstand",3
"afstanden",1
"afstemmen",1
"afstemming",7
"aftrek",4
"aftrekken",1
"afvalstoffen",2
"afvalstoffenbeleid",1
"afwerken",1
"afwijkingen",1
"afwikkelingsmechanisme",1
"afwisselend",1
"afzetmarkt",1
"afzetmarkten",1
"afzonderlijk",1
"afzwakt",1
"agenda",1
"agentschap",7
"agglomeratie",1
"agressieve",1
"agrovoedingscluster",1
"agrovoedinsgcluster",1
"akkoorden",3
"alarmbel",1
"albertkanaal",3
"aldus",1
"alegro",1
"alertheid",1
"algemeen",3
"algemene",4
"alle",58
"alleen",19
"alleenstaande",2
"allemaal",1
"allen",1
"allen<U+2019>",1
"allicht",1
"allocatie",1
"allochtonen",1
"almaar",1
"alsook",1
"alternatief",3
"alternatieve",1
"alternatieven",3
"alterne",1
"alternerend",1
"alvorens",1
"ambitie",7
"ambities",1
"ambitieus",5
"ambtena",1
"ambtenaar",2
"ambtenaren",5
"ambtenarenpensioenen",2
"ambulante",3
"analogie",2
"anci<U+00EB>nniteit",1
"and",2
"ander",2
"anderen",3
"anders",4
"anderstalige",1
"angels",1
"annualisering",1
"anticrisisbeleid",2
"anticrisisstrategie",1
"antwerpen",8
"antwerpengent",1
"antwerpenranst",1
"antwerpse",1
"antwoord",5
"antwoorden",1
"apart",1
"aparte",4
"apparatuur",1
"applicaties",2
"arbeid",15
"arbeiders",1
"arbeidersbedienden",2
"arbeids",2
"arbeidsaanbod",2
"arbeidsattitudes",1
"arbeidsdeelname",1
"arbeidsduurreglementering",1
"arbeidsduurvermindering",1
"arbeidsgebonden",1
"arbeidshandicap",1
"arbeidsinkomen",1
"arbeidsintensieve",1
"arbeidskosten",1
"arbeidskrachten",2
"arbeidsleeftijd",1
"arbeidsmarkt",31
"arbeidsmarktbegeleiding",2
"arbeidsmarktbeleid",5
"arbeidsmarktgerichte",1
"arbeidsmobiliteit",2
"arbeidsomstandigheden",1
"arbeidsongeschiktheid",5
"arbeidsparticipatie",1
"arbeidsprestatie",1
"arbeidsprocessen",1
"arbeidsrecht",2
"arbeidsregimes",1
"arbeidstijd",1
"arbeidstijden",1
"arbeidsvervangende",1
"arbeidsvormen",2
"arbeidsvreugde",1
"architectuur",1
"argument",1
"argumenten",1
"arm",1
"armoede",17
"armoedebestrijding",1
"armoededrempel",1
"armoederisico",1
"art",3
"artistieke",3
"artsen",4
"asiel",4
"asociale",1
"aspect",1
"aspecten",1
"attestering",1
"attracties",1
"attractiever",1
"audiovisuele",1
"authentieke",1
"auto",1
"automatisch",5
"automatische",1
"autonomie",5
"avonturen",1
"avonturiers",1
"avontuur",1
"baaien",3
"baan",12
"baanbrekend",1
"baat",3
"back",1
"backsysteem",1
"bad",1
"balans",1
"ballet",1
"band",1
"bandbreedte",1
"bandbreedtes",1
"banen",4
"banenpact",10
"banenplan",7
"bank",2
"bankactiviteiten",1
"banken",8
"bankenunie",1
"bankenwet",4
"banketbakkerswerk",1
"bankfinanciering",1
"bankkredieten",2
"barometer",1
"barri<U+00E8>res",1
"based",2
"baseload",1
"baseren",1
"basis",25
"basisbijslag",1
"basiseducatie",1
"basiskinderbijslag",1
"basisondersteuningsbudget",1
"basisonderwijs",3
"basisprincipes",1
"basistegemoetkoming",1
"basisvereiste",1
"basisvoorziening",1
"bate",1
"baten",1
"bbp",7
"bbpindicatoren",1
"be<U+00EF>nvloedt",1
"be<U+201D>",1
"beantwoorden",2
"bebouwde",1
"becijferd",1
"bedding",1
"bedienden",1
"bedoeld",1
"bedoeling",1
"bedraagt",6
"bedrag",1
"bedragen",2
"bedrijf",4
"bedrijfsleiders",1
"bedrijfsleven",4
"bedrijfsmiddelen<U+2019>",1
"bedrijfsstage",1
"bedrijfstoeslag",1
"bedrijfsvoorheffing",1
"bedrijfswagen",1
"bedrijven",52
"bedrijventerreinen",1
"beduidend",1
"bedwang",1
"beeld",1
"begeeft",1
"begeleiden",2
"begeleidende",1
"begeleiding",19
"begeleidingstraject",1
"begeleidt",2
"begin",3
"beginnende",1
"begint",1
"begonnen",2
"begrensde",1
"begrepen",1
"begrijpt",3
"begrip",1
"begroting",15
"begrotingen",5
"begrotingsevenwicht",3
"begrotingstekort",1
"begrotingstraject",4
"begrotingswerk",1
"begunstigen",1
"behaald",1
"behalen",2
"behalve",4
"behandeling",6
"behandelingen",1
"behandelingstraject",1
"behandelt",1
"behartigd",1
"beheer",4
"beheerscontracten",1
"beheersen",5
"beheersing",2
"beheersovereenkomst",1
"beheersovereenkomsten",1
"beheersovereenkomstensamenwerkingsover",1
"beheersstructuren",1
"beheersstructuur",2
"beheren",1
"behoefte",11
"behoeftegericht",1
"behoeften",2
"behoorlijk",1
"behoort",2
"behoren",1
"behoud",2
"behouden",11
"behoudt",1
"behulp",2
"beide",5
"bejaarden",3
"bejegening",1
"bekendheid",1
"bekijken",2
"beklemtonen",1
"beklemtoond",1
"bekommernis",1
"belang",18
"belangen",2
"belangrijk",28
"belangrijke",26
"belangrijker",1
"belangrijkere",1
"belangrijkste",4
"belast",2
"belaste",1
"belasting",4
"belastingadministratie",1
"belastingautonomie",1
"belastingbetaler",3
"belastingen",13
"belastingfraude",2
"belastingkrediet",1
"belastingplichtige",2
"belastingplichtigen",1
"belastingsommen",1
"belastingstelsel",4
"belastingsysteem",3
"belastingvoordeel",3
"belastingvoordelen",2
"belastingvrij",2
"belegger",1
"beleggingsvormen",1
"beleid",44
"beleidsbenadering",1
"beleidsdaden",1
"beleidsdomeinen",2
"beleidsinstrument",1
"beleidsinstrumenten",1
"beleidskeuzes",2
"beleidsniveau",1
"beleidsniveaus",5
"beleidsruimte",2
"beleidsverantwoordelijken",1
"beleidsvisie",1
"belemmering",1
"belemmert",1
"beleven",1
"belevering",1
"beleving",1
"belgen",1
"belgi<U+00EB>",13
"belgische",6
"beloften",1
"belonen",1
"belooft",1
"beloond",1
"belrai",1
"bemiddelingsdiensten",1
"benaderd",1
"benadering",2
"benadrukken",3
"benadrukt",1
"benchmarken",1
"benoemen",1
"benutten",2
"beoogde",1
"beoogt",2
"beoordelen",1
"bepaald",2
"bepaalde",3
"bepaalt",3
"bepalen",6
"bepalend",2
"bepalender",1
"beperken",9
"beperking",4
"beperkingen",1
"beperkt",6
"beperkte",5
"beperktere",1
"bepleit",2
"bepleiten",2
"beraad",1
"bereiden",2
"bereik",1
"bereikbaar",3
"bereikbaarder",1
"bereikbaarheid",4
"bereiken",12
"bereikt",6
"berekenbaar",1
"berekend",1
"berekening",1
"berekent",1
"beroep",4
"beroepen",4
"beroepsactieve",1
"beroepsgerichte",1
"beroepsleven",1
"beroepsonderwijs",1
"beroepsopleidingen",1
"berust",1
"berusten",2
"bescheiden",1
"beschermen",1
"bescherming",48
"beschermt",2
"beschikbaar",7
"beschikbaarheid",11
"beschikbare",5
"beschikken",5
"beschikking",4
"beschikt",2
"beschouwd",1
"beschouwen",1
"beschreef",1
"besef",1
"beseffen",1
"beseining",1
"beslag",2
"beslissen",2
"beslissing",1
"beslissingen",1
"beslist",5
"besluiten",2
"besluitvorming",4
"bespaard",2
"besparen",2
"besparing",1
"besparingen",4
"besparingsijver",1
"besparingsplan",1
"bespoedigen",1
"bespreken",3
"best",4
"bestaan",3
"bestaande",20
"bestaansonzekerheid",1
"bestaat",3
"beste",5
"besteden",2
"bestedingen",1
"besteed",1
"bestemming",1
"bestraft",1
"bestrijden",6
"bestrijding",1
"bestuderen",1
"besturen",18
"bestuur",2
"bestuurders",1
"bestuurlijke",2
"bestuursmodellen",1
"bestuursniveaus",2
"bestuurspartij",1
"bestuurszaken",2
"betaalbaar",11
"betaalbaarheid",3
"betaalbare",11
"betaald",1
"betaalt",5
"betalen",3
"betaling",2
"betalingen",1
"betalingstermijn",1
"betalingsuitstel",1
"betekenen",3
"betekenis",1
"betekent",21
"beter",35
"betere",14
"betreffende",2
"betreft",1
"betrekken",1
"betrekking",5
"betrekkingen",1
"betrokken",5
"betrokkenheid",4
"betrouwbaar",2
"betrouwbare",4
"beurssysteem",1
"beurt",1
"bevalling",1
"bevat",5
"beveiliging",1
"beveren",1
"bevestigen",2
"bevinden",1
"bevoegd",3
"bevoegde",2
"bevoegdheden",17
"bevoegdheid",7
"bevoegdheidsdomeinen",1
"bevoegdheidsniveaus",1
"bevoegdheidsverdeling",2
"bevolking",8
"bevoorradingszekerheid",5
"bevorderen",5
"bevordering",1
"bevordert",3
"bevriezen",1
"bevroren",1
"beweging",4
"bewegwijzeringstaks",1
"bewerkstelligen",1
"bewezen",2
"bewijst",1
"bewust",2
"bezoek",1
"bezorgd",2
"bezorgdheden",1
"bfw",2
"bfw<U+201D>",1
"bibliotheek",1
"bieden",17
"biedt",13
"bier",1
"bijberoep",1
"bijbrengt",1
"bijdraagt",6
"bijdrage",3
"bijdragen",12
"bijdrageregeling",1
"bijdrages",1
"bijdragesystemen",1
"bijgedragen",1
"bijhouden",1
"bijkomend",1
"bijkomende",7
"bijna",5
"bijstaat",1
"bijstand",3
"bijsteken",1
"bijsturen",3
"bijsturing",1
"bijv",1
"bijvoorbeeld",23
"bijwerken",1
"bijzonder",16
"bijzondere",6
"bike",1
"billijk",1
"billijke",1
"bindend",1
"bindende",3
"bindmiddel",1
"binnen",11
"binnenland",1
"binnenlandse",1
"binnenuit",1
"binnenvaart",1
"bio",1
"biodiversiteitsgraad",1
"biogebaseerde",1
"biomassa",1
"biotechnologie",1
"biv",1
"bleef",1
"bleek",1
"blijft",20
"blijken",1
"blijkt",6
"blijven",31
"blijvend",1
"blijvende",2
"blinde",1
"blindelings",1
"bloei",2
"bloeiende",3
"blokken",1
"bod",1
"bodem",1
"boechout",1
"boeiende",1
"boeken",1
"boekhouddoeleinden",1
"boekhouder",1
"boekhoudkundige",1
"boerderijtoerisme",1
"boeten",1
"bomen",1
"bonafide",1
"bonds<U+2026>",1
"boodschap",2
"boren",1
"bos",2
"bottomup",1
"bouw",4
"bouwen",11
"bouwsteen",69
"bouwstenen",6
"bouwt",1
"boven",3
"bovenaan",2
"bovenal",2
"bovendien",9
"bovenhand",2
"bovenop",9
"bovenregionale",1
"brabant",2
"brabantnet",1
"brabo",3
"brandstof",2
"brandstoffen",1
"brandveilige",1
"brede",5
"breder",1
"breed",3
"brengen",14
"brengt",3
"breuk",1
"broeikasgassen",1
"bron",2
"bronnen",1
"broos",1
"broze",2
"brug",2
"bruggen",2
"brugpensioen",1
"brugse",2
"brussel",15
"brusselaars",2
"brussels",2
"brusselse",3
"brutolonen",1
"bruuske",1
"btw",6
"btwaangifte",1
"btwboetesysteem",1
"btwdoeleinden",1
"btwformaliteiten",2
"btwinkomsten",1
"btwmaterie",1
"btwontvangsten",2
"btwplichtige",1
"btwsysteem",4
"btwtarief",2
"btwver",1
"btwvrijstellingsdrempel",1
"budget",5
"budgetbevriezing",1
"budgetmassa",1
"budgettair",3
"budgettaire",1
"budgetten",2
"buiten",9
"buitengewoon",1
"buitenland",4
"buitenlandse",12
"buitenschoolse",2
"bundelen",3
"buren",1
"burgemeesters",1
"burgers",7
"bus",1
"business",1
"bussen",1
"buurlanden",7
"buurt",4
"buurtzorg",1
"caf<U+00E9>",1
"campings",1
"cao<U+2019>s",2
"capaciteit",3
"capaciteitsproblemen",1
"capaciteitsuitbreiding",1
"capita",1
"care",3
"carri<U+00E8>re",1
"carri<U+00E8>replanningsysteem",1
"carri<U+00E8>res",1
"carrouselfraude",1
"carry",3
"cash",1
"cdv",206
"cdvcongres",1
"cdvmodel",1
"centra",3
"centraal",4
"centrale",5
"centrales",1
"centrum",1
"centrumsteden",2
"cfr",1
"champions",2
"champions<U+2019>",1
"chemie",1
"chemische",1
"chocoladeproducten",1
"christendemocraten",2
"chronische",8
"cieringsmodellen",1
"cijferberoepen",1
"cijfers",3
"circuleren",1
"cirkel",1
"citymarketingverhaal",1
"clausules",1
"clb",1
"cli<U+00EB>nten",1
"clilpilootprojecten",1
"cluster",6
"clusterbeleid",3
"clusterroadmaps",1
"clusters",8
"clustervorming",1
"co<U+00F6>rdinatie",1
"co<U+00F6>rdinatiecentra",1
"coaching",2
"codex",1
"codoelstellingen",1
"cofinanciering",2
"cognitieve",2
"coherent",3
"cohousing",2
"cohousingprojecten",1
"cokosten",1
"collectieve",1
"combinatie",6
"combineren",4
"comfort",1
"comfortabele",1
"comite",1
"commerci<U+00EB>le",1
"commissie",7
"communicatie",4
"communiceren",3
"communicerende",2
"community",1
"compacte",1
"compatibele",1
"compensaties",1
"compenseren",1
"competentiemanagement",1
"competentieontwikkeling",2
"competenties",10
"competitief",5
"competitieve",2
"competitiviteit",12
"compleet",2
"complementair",2
"complementaire",1
"complexe",6
"complicaties",1
"component",1
"componenten",1
"concentratie",1
"concept",1
"concepten",2
"concludeerde",1
"concrete",5
"concurrenten",1
"concurrentie",7
"concurrentiekracht",9
"concurrentiepact",10
"concurrentiepositie",4
"concurrentievermogen",1
"concurrerende",1
"confederaal",2
"confederalisme",1
"conform",1
"congrestoerisme",1
"constant",5
"constante",1
"constructief",2
"consulenten",3
"consultatiebureaus",1
"consultaties",1
"consulteren",1
"consument",5
"consumenten",1
"consumptie",1
"consumptiegedrag",1
"consumptiegoederen",1
"consumptiesysteem",1
"contacten",1
"content",1
"context",1
"contextgericht",1
"continu<U+00EF>teit",3
"continu<U+00FC>m",2
"continue",1
"contracten",1
"contractuele",1
"controle",2
"controlemodule",1
"controleprocedures",1
"controles",2
"conventionele",1
"convergentie",2
"copernicaanse",4
"corebusiness",1
"correct",2
"correcte",2
"correctie",1
"correcties",3
"corrigerende",1
"coteaching",1
"couitstoot",2
"cps",1
"cre<U+00EB>ert",3
"cre<U+00EB>ren",10
"creatie",1
"creatieve",3
"creativiteit",4
"criminele",1
"crisis",13
"crisisbestendig",1
"crisisjaren",3
"crisissen",1
"criteria",1
"crowd",1
"crowdfunding",6
"crowdfundingplatformen",1
"cruciaal",11
"cruciale",5
"culturele",6
"cultuur",14
"cultuurbeleid",1
"cultuurtempel",1
"cumuls",1
"curricula",1
"curriculum",1
"cybersecurity",1
"d<U+00E9>",2
"daadwerkelijk",1
"daalden",1
"daarbij",11
"daarbovenop",1
"daarbuiten",1
"daardoor",4
"daarenboven",1
"daarin",7
"daarmee",5
"daarna",2
"daarnaast",17
"daarom",30
"daarop",1
"daartegenover",1
"daartoe",1
"daarvan",2
"daarvoor",7
"dag",3
"dagelijkse",1
"dagen",6
"dakisolatie",1
"dalen",1
"daling",7
"damme",1
"dammepoortsluis",1
"dank",1
"danken",1
"dankzij",7
"das",1
"data",6
"data<U+2019>",1
"databank",2
"datamining",1
"dateert",1
"dbistelsel",1
"death<U+2019>",1
"debat",1
"debatten",1
"deblokkeren",1
"december",1
"decennia",1
"decoster",1
"decreet",5
"decretale",1
"deel",22
"deelauto<U+2019>s",1
"deelfietsen",1
"deelname",1
"deelnemen",2
"deelnemer",1
"deelneming",1
"deelspecialiteiten",1
"deelstaatniveau",1
"deelstaatregeringen",2
"deelstaten",12
"deeltijds",8
"deeltijdse",1
"defensie",1
"defici<U+00EB>ntiedenken",1
"defini<U+00EB>ren",1
"definieert",1
"definitie",2
"definitieve",2
"degene",1
"degressiviteit",1
"delen",3
"deloyale",1
"democratische",1
"demografische",1
"den",1
"dender",1
"denderleeuw",1
"dendermondeaalst",1
"denk",1
"denken",2
"depositobescherming",1
"derde",5
"deregulering",1
"dergelijke",7
"desgewenst",1
"desinstitutionalisering",1
"deskundigheid",1
"detail",1
"detailhandel",1
"detecteren",1
"detentiecentra",1
"deur",6
"deurganckdoksluis",1
"deurne",1
"deurtotdeuroplossingen",1
"dezelfde",6
"diagnose",2
"diagnoses",1
"dialoog",1
"dicht",1
"dichtbebouwd",1
"dichtbevolkt",1
"dichte",1
"dichten",1
"dichtst",1
"dichtste",1
"didactische",2
"diensten",9
"dienstenaanbod",2
"dienstencheque",1
"dienstencheques",5
"diensteneconomie",1
"dienstenintegratoren",1
"dienstverlenende",2
"dienstverlening",8
"dienstverplaatsingen",1
"diepvriesgroenten",1
"dierbaren",1
"dierenwelzijn",1
"dierlijke",1
"diezelfde",2
"differentiatie",1
"dige",1
"digitaal",1
"digitale",3
"dikwijls",1
"dimensie",2
"dimensies",2
"dingen",2
"diploma",2
"diplomaten",1
"diplomatie",1
"direct",1
"directe",1
"directie",2
"directies",3
"discriminatie",1
"discussies",3
"discussion",1
"distributie",1
"distributiecentra",1
"diverse",1
"diversifi<U+00EB>ren",1
"diversiteit",3
"diversiteitsplannen",1
"dna",2
"doden",1
"doe",1
"doel",12
"doelen",1
"doelgericht",3
"doelgerichtheid",1
"doelgroep",4
"doelgroepen",3
"doelgroepenbeleid",3
"doelgroepgerichte",1
"doelmatigheid",1
"doelstelling",5
"doelstellingen",7
"doeltreffend",3
"doet",12
"domeinen",3
"dominante",2
"doodlopende",1
"doorbraken",1
"doorbreken",1
"doordacht",2
"doordat",4
"doorgaand",1
"doorgaans",2
"doorgedreven",3
"doorgeschoven",1
"doorgeven",1
"doorgevoerd",1
"doorgroeien",1
"doorheen",4
"doorloopt",1
"doorrekenen",1
"doorschuiven",2
"doorslaat",1
"doorslaggevend",2
"doorstaan",1
"doorstroming",1
"doorstroom",1
"doorstroomkansen",1
"doortastend",2
"doortocht",2
"doortrekkingen",1
"doorverwijzen",1
"doorverwijzing",1
"doorvoeren",3
"doorwrochte",1
"dossier",4
"dossiers",1
"dossin",1
"dplan",4
"draad",2
"draagkracht",5
"draagt",6
"draagvlak",3
"draaischijf",1
"draaischrijf",1
"dragen",9
"dreig",1
"dreigen",1
"drempel",1
"drempels",8
"drie",11
"driehoek",1
"drijfveren",1
"dringend",1
"dringt",1
"drinkwaterwinning",1
"druk",2
"dsp",1
"duaal",1
"dubbel",1
"dubbelbelastingverdragen",1
"dubbele",1
"duidelijk",12
"duidelijke",6
"duidelijker",1
"duidelijkheid",4
"duiden",1
"duitse",2
"duitsland",1
"duizenden",1
"dumping",1
"duur",3
"duurder",1
"duurtijd",1
"duurzaam",20
"duurzaamheid",9
"duurzame",31
"duurzamer",1
"duurzamere",1
"dvm",2
"dynamiek",6
"dynamisch",7
"dynamiseren",1
"eandis",1
"early",1
"ecb",1
"echt",2
"echte",2
"echter",4
"echtscheiding",1
"ecofiscaliteit",3
"ecologie",2
"ecologisch",2
"ecologische",5
"economen",1
"economie",39
"economie<U+00EB>n",1
"economisch",12
"economische",129
"eeklo",2
"eenduidig",1
"eenduidige",1
"eengemaakte",1
"eenheidsdosissen",1
"eenkomsten",1
"eenmalige",1
"eenoudergezinnen",1
"eenvormige",3
"eenvoudig",3
"eenvoudige",1
"eenvoudiger",6
"eenzelfde",1
"eer",1
"eerder",2
"eerdere",1
"eerlijk",2
"eerst",2
"eerste",22
"eerstelijnszorg",4
"eetcultuur",1
"eeuw",3
"effect",1
"effecten",3
"effectief",3
"effectieve",1
"effici<U+00EB>nt",9
"effici<U+00EB>nte",14
"effici<U+00EB>nter",3
"effici<U+00EB>ntie",4
"effici<U+00EB>ntiewinsten",1
"egovernment",2
"ehealth",1
"eid",1
"eig",1
"eigen",18
"eigendom",1
"eigendomsverwerving",1
"eigentijdse",1
"eind",8
"einde",1
"eindigen",1
"eindpunt",1
"eindtermen",2
"eindverbruikers",1
"eisen",1
"elan",1
"elders",2
"elektriciteit",5
"elektriciteitsinfrastructuur",1
"elektriciteitskosten",1
"elektriciteitsnetwerk",1
"elektriciteitsprijs",1
"elektriciteitsproductie",1
"elektronisch",2
"elektronische",3
"element",1
"elementaire",1
"elementen",3
"elk",15
"elkaar",22
"elke",19
"ellenlange",1
"elsene",1
"emancipatie",1
"emoties",1
"empowerment",2
"empowerment<U+2019>",1
"enabling",1
"ene",1
"energie",41
"energiealternatieven",1
"energiebelastingen",1
"energiebelastingrichtlijn",1
"energiebeleid",2
"energiebesparende",2
"energiebesparing",1
"energiebesparingsmaatregelen",1
"energiebevoorrading",1
"energiebronnen",1
"energiediensten",1
"energieeffici<U+00EB>nte",1
"energieeffici<U+00EB>ntie",5
"energiefactuur",2
"energiegebonden",1
"energieintensieve",3
"energiekosten",3
"energielandschap",1
"energiemarkt",1
"energiemix",1
"energienetwerken",1
"energienorm",4
"energiepact",3
"energiepakket",2
"energiepremie",1
"energieproductie",3
"energietechnologie<U+00EB>n",1
"energieverbruik",1
"energiezekerheid",1
"energiezuinig",1
"energiezuinige",1
"energy",1
"engagement",6
"engineering",1
"enig",1
"enige",4
"enkel",14
"enkele",3
"enof",2
"enorme",2
"ensembles",1
"enveloppe",3
"enz",3
"enzovoort",3
"eprocurement",1
"erbuiten",1
"erdoor",1
"erfenis",1
"erg",3
"ergens",1
"ergste",1
"erkend",2
"erkende",2
"erkennen",1
"erkenning",3
"erkennings",1
"ernaar",1
"ernstig",1
"erop",1
"ertoe",3
"ervan",7
"ervaren",2
"ervaring",4
"ervaringen",1
"ervoor",4
"esociety",1
"essenti<U+00EB>le",2
"essentie",2
"essentieel",6
"etnischculturele",1
"eu<U+2019>",2
"euro",45
"euro<U+2019>s",1
"europa",16
"europees",6
"europese",38
"eurostat",1
"eurozone",3
"evaluatie",5
"evalueren",6
"even",2
"eveneens",3
"eventueel",1
"eventuele",1
"evenwicht",4
"evenwichten",1
"evenwichtiger",1
"evenzeer",1
"evere",1
"evidence",2
"evolueert",2
"evolueren",7
"evoluerende",1
"evolutie",8
"evoluties",5
"excellente",1
"exclusief",1
"executie",1
"expertise",4
"exploitatie",1
"exploitatiesteun",1
"export",5
"exportcijfer",1
"exporteert",1
"exporteren",1
"exporteurs",3
"exportkansen",1
"exportmarktaandeel",1
"exportmarkten",1
"exportmogelijkheden",1
"exportverzekering",1
"expresweg",1
"externe",3
"extra",15
"extralegale",1
"extreme",1
"fabricagesystemen",1
"facetten",1
"faciliteren",2
"factor",1
"factuur",1
"faillissementen",1
"faillissementspreventie",1
"familiale",1
"familie",1
"familiehotels",1
"families",1
"fase",3
"favv",1
"fcudmiddelen",1
"federa",1
"federaal",14
"federale",51
"federaleconfederale",1
"feit",6
"fel",1
"fenomenen",1
"fier",1
"fiets",7
"fietsbruggen",1
"fietsen",1
"fietsgen",3
"fietsinfrastructuur",1
"fietsinvesteringen",1
"fietsknooppunten",1
"fietsnetwerk",1
"fietspaden",2
"fietsroutenetwerk",2
"fietsstallingen",1
"fietstunnels",1
"fijn",1
"finaal",1
"finan",1
"financi<U+00EB>le",17
"financi<U+00EB>n",5
"financieel",7
"financieeleconomische",2
"financieren",5
"financiering",26
"financieringen",1
"financieringsdossiers",1
"financieringsinstrumenten",2
"financieringsmechanisme",1
"financieringsmodellen",2
"financieringsmogelijkheden",1
"financieringsvennootschappen",1
"financieringswet",2
"financiers",2
"finland",1
"first",1
"fiscaal",6
"fiscale",33
"fiscaliteit",29
"fisch",1
"fiscus",1
"flanders",9
"flanders<U+2019>",1
"flank",4
"flankerend",2
"flemosi",1
"flexibele",10
"flexibiliteit",4
"fluctuerend",1
"fnuiken",1
"focus",2
"focussen",1
"focusstrategie",1
"fonds",1
"fondsen",1
"food",2
"forfaitaire",1
"forfaitiseren",1
"forfaits",1
"formaliteiten",1
"formules",2
"formulieren",2
"forse",1
"forward",1
"forwardsysteem<U+2019>",1
"fossiele",1
"fotonica",1
"fouten",1
"frankrijk",3
"franstaligen",1
"fraude",17
"fraude<U+2026>",1
"fraudegevoelige",1
"frequentie",1
"fsma",1
"ftitechnopolis",1
"functie",10
"functies",5
"functionaliteit",1
"functioneel",1
"functionele",1
"functioneren",2
"functionerende",1
"fundament",2
"fundamenteel",3
"fundamentele",1
"fundamenten",1
"fusie",1
"fysisch",1
"gaan",38
"gaande",1
"gaandeweg",2
"gaapt",1
"gaat",21
"gaf",1
"gang",1
"garandeert",1
"garanderen",17
"garant",1
"garantie",5
"garanties",3
"gas",2
"gascentrales",1
"gaten",1
"ge<U+00EF>dentificeerde",1
"ge<U+00EF>ndexeerd",1
"ge<U+00EF>nformeerde",1
"ge<U+00EF>nspireerd",1
"ge<U+00EF>nstitutionaliseerde",1
"ge<U+00EF>ntegreerd",9
"ge<U+00EF>ntegreerde",9
"ge<U+00EF>nvesteerd",1
"geactualiseerd",1
"geavanceerde",3
"gebaat",1
"gebaseerd",7
"gebeurd",1
"gebeurde",1
"gebeurden",1
"gebeuren",12
"gebeurt",6
"gebied",3
"gebleken",1
"gebleven",1
"gebonden",1
"geboortecijfer",1
"geboren",1
"gebouwd",2
"gebouwen",3
"gebracht",5
"gebrek",1
"gebruik",13
"gebruik<U+2019>",1
"gebruikelijke",1
"gebruiken",6
"gebruiker",1
"gebruikersorganisaties",1
"gebruiksvriendelijk",1
"gebruikt",1
"gebundeld",1
"gecertificeerde",1
"geco<U+00F6>rdineerde",1
"gecombineerd",1
"gecombineerde",1
"geconcentreerd",1
"geconfronteerd",1
"geconsolideerde",2
"gedaald",4
"gedaan",5
"gedachtengoed",1
"gedane",1
"gedeelde",2
"gedeeltelijk",5
"gedeeltelijke",4
"gedefinieerde",1
"gedijt",2
"gedoopt",1
"gedragen",1
"gedragenheid",1
"gedragsveranderingen",1
"gedrang",1
"gedurende",2
"gedurfde",1
"geduurd",1
"geeft",9
"geenszins",1
"geestelijke",6
"gefailleerden",1
"gefinancierd",4
"gefinancierde",4
"gefnuikt",1
"gegaan",1
"gegeven",1
"gegevens",9
"gegevensdeling",1
"gegevensdelingssystemen",1
"gegevensuitwisseling",4
"geglobaliseerde",3
"gegooid",1
"gehaald",1
"gehad",2
"gehakketak",1
"geharmoniseerd",1
"gehele",1
"gehoord",1
"gehouden",3
"gehuwd",1
"gekenmerkt",1
"gekomen",1
"gekoppeld",4
"gekozen",4
"gekregen",1
"gekwalificeerde",1
"gelanceerd",2
"gelaten",1
"geld",4
"geld<U+2019>index",1
"gelden",4
"geldt",7
"geleerd",1
"gelegd",1
"gelegen",1
"gelegenheden",1
"gelegenheid",1
"gelegenheidsarbeid",2
"gelegenheidspersoneel",2
"geleid",1
"geleidelijk",1
"gelet",2
"geleverde",1
"geliberaliseerde",1
"gelijk",2
"gelijkaardige",2
"gelijke",1
"gelijkstellingen",1
"gelooft",1
"geloofwaardig",1
"geloofwaardigheid",1
"geluidsarm",1
"geluisterd",1
"geluk",1
"gemaakt",6
"gemeenschap",2
"gemeenschappelijk",2
"gemeenschappelijke",8
"gemeenschappen",3
"gemeenschapsbevoegdheden",1
"gemeenschapsleven",1
"gemeenschapsniveau",1
"gemeente",5
"gemeentebesturen",1
"gemeentefonds",1
"gemeenten",9
"gemengde",1
"gemiddeld",6
"gemiddelde",8
"gemotiveerde",1
"gen",2
"geneesmiddelen",4
"geneigd",1
"generaties",8
"genereert",1
"genereren",1
"genererende",1
"genezen",1
"geniet",1
"genieten",1
"genoemd",1
"genomen",3
"gent",6
"genteeklo",1
"gentse",1
"gentzelzate",1
"genuanceerd",1
"genzone",1
"geobjectiveerde",5
"geografisch",1
"geografische",3
"geopend",1
"georganiseerd",1
"geori<U+00EB>nteerd",1
"geothermie",2
"gepaard",6
"gepast",2
"gepaste",1
"gepensioneerde",2
"gepensioneerden",1
"gepersonaliseerd",1
"gepland",1
"geplande",1
"geraakt",1
"geraken",3
"gerealiseerd",5
"geregeld",1
"geregistreerde",2
"gerelateerde",1
"gerenoveerd",2
"gerespecteerd",1
"gericht",10
"gerichte",8
"gesaneerd",1
"geschikt",1
"geschikte",2
"geschoolde",1
"geschoven",1
"geschud",1
"gesco<U+2019>s",1
"gescosysteem",1
"geslaagd",2
"geslaagde",1
"geslagen",1
"gesloten",3
"gespaard",1
"gespecialiseerde",1
"gestegen",2
"gesteld",1
"gestelde",1
"gestemd",1
"gesteund",1
"gestimuleerd",3
"gestoeld",1
"gesubsidieerd",1
"gesubsidieerde",1
"getrapt",1
"getrapte",1
"getroffen",1
"getrokken",1
"gevaarlijke",1
"geval",5
"gevallen",1
"gevels",1
"geven",21
"gevoelig",1
"gevoerd",1
"gevolg",13
"gevolgd",1
"gevolge",1
"gevolgen",5
"gevonden",1
"gevrijwaard",2
"gewaardeerd",1
"gewacht",1
"gewenst",1
"gewerkt",4
"gewerkte",4
"gewest",5
"gewestelijk",2
"gewesten",4
"gewestgrensoverschrijdende",1
"gewestmaterie",1
"gewestwegen",1
"gewichten",1
"gewijzigd",1
"gewoon",1
"geworden",1
"gezaaid",1
"gezamenlijk",1
"gezamenlijke",5
"gezet",2
"gezien",2
"gezin",15
"gezinnen",23
"gezins",1
"gezinsbeleid",11
"gezinsbijslagen",1
"gezinsinkomen",1
"gezinsleven",1
"gezinsondersteunende",2
"gezinsondersteuning",4
"gezinssamenstelling",2
"gezinstoerisme",1
"gezinsverdunning",1
"gezinsvervangende",1
"gezinsvormen",1
"gezinszorg",4
"gezond",5
"gezonde",1
"gezondheid",6
"gezondheids",2
"gezondheidsbeleid",2
"gezondheidsberoepen",1
"gezondheidsdoelstellingen",2
"gezondheidspromotie",1
"gezondheidssector",1
"gezondheidswinst",1
"gezondheidszorg",19
"giften",2
"gijzegem",1
"ging",1
"glijdende",1
"globaal",1
"globale",8
"globalisering",1
"goed",20
"goede",25
"goederen",3
"goederenvervoer",2
"goedgekeurd",1
"goedgekeurde",1
"goedkeurde",1
"goedkope",1
"goedkoper",1
"gouden",1
"graad",2
"graag",3
"grens",1
"grensverleggende",1
"grenzen",4
"grid",5
"grids",1
"grijpen",6
"grijze",1
"groei",94
"groeibevorderend",1
"groeibevorderende",14
"groeieconomie",1
"groeien",5
"groeiland",1
"groeilanden",1
"groeimarkten",1
"groeimogelijkheden",1
"groeinorm",1
"groeipad",3
"groeipool",15
"groeipotentieel",1
"groeiregio",2
"groeit",2
"groeivriendelijk",1
"groen<U+2019>",1
"groenboek",1
"groene",3
"groep",6
"groepen",6
"grond",1
"gronde",1
"grondig",5
"grondige",1
"grondstof",3
"grondstoffen",8
"grondstroom",2
"grondwettelijk",2
"groot",12
"grootste",10
"grote",29
"grotendeels",2
"groter",6
"grotere",12
"gunstig",2
"gunstige",1
"h<U+00E9>t",1
"haalbaar",5
"haalbaarder",1
"haalbaarheid",1
"haalbare",3
"hachelijke",1
"hadden",1
"halen",10
"halle",1
"haltes",1
"halve",1
"hand",6
"handel",8
"handelaars",2
"handelen",1
"handelingen",2
"handels",1
"handelsgegevens",1
"handelskern",1
"handelsmerk",1
"handelspartners",2
"handelssaldo",1
"handelsvestigingen",1
"handen",5
"handhaven",1
"handhaving",2
"handicap",20
"handicapspecifieke",1
"handtekening",1
"hangen",1
"hangt",2
"hanteren",1
"hard",3
"hardleers",1
"harelbeke",1
"harmonieuze",1
"harmoniseren",1
"harmonisering",2
"harmoniseringsoefening",1
"hart",4
"harte",1
"hasselt",1
"hasselt<U+2013>maasmechelen",1
"hasseltneerpelt",2
"haven",3
"havens",4
"heden",1
"hedendaags",1
"heel",14
"heen",3
"heet",1
"hefbomen",6
"hefboom",3
"heffen",1
"heffing",2
"heffingsgrondslag",1
"heft",1
"heil",1
"helaas",1
"heldere",3
"hele",8
"helemaal",3
"helft",2
"helix",1
"helpdesks",1
"helpen",7
"helpt",1
"hen",7
"herbekijken",2
"herbouw",1
"herconditionering",1
"herfstprojecties",1
"hergroepering",1
"herhaling",1
"herijking",1
"herintegratie",1
"herkennen",1
"herkomst",2
"hernieuwbare",11
"heropbouw",1
"heropleving",1
"herscholing",1
"herschreven",1
"herstart",2
"herstelgerichte",1
"herstellen",1
"herverdelen",2
"herverdeling",1
"hervormd",1
"hervormde",2
"hervormen",3
"hervorming",16
"hervormingen",6
"herwonnen",1
"herzele",1
"herzien",3
"herziening",1
"hetzelfde",3
"hetzij",2
"hiaten",1
"hidden",2
"hierbij",4
"hierboven",1
"hiermee",5
"hierover",1
"hiertoe",1
"hiervoor",7
"high",1
"hinder",1
"hindernissen",1
"hinderpalen",1
"hinterland",1
"historisch",1
"ho<U+00E9>",1
"hoeft",1
"hoeksteen",3
"hoeveelheden",1
"hoeveelheid",1
"hoewel",1
"hof",1
"hoge",11
"hoger",27
"hogere",6
"hogergeschoolden",1
"hogescholen",4
"holdings",1
"honderd",1
"hong",1
"honoraria",1
"hoofd",2
"hoofdspoorassen",1
"hoofdstad",3
"hoofdstedelijk",2
"hoog",6
"hoogopgeleide",1
"hoogspanningslijnen",1
"hoogst",1
"hoogste",1
"hoogte",2
"hoogtechnologische",2
"hoogwaardige",2
"hoopvolle",1
"hoort",1
"hopen",1
"horeca",10
"horecabeleid",1
"horecabeleidsplannen",1
"horecaondernemingen",1
"horecauitbaters",1
"horen",1
"horende",1
"horizontale",1
"houdbaar",1
"houdbaarheid",1
"houdbare",1
"houden",31
"houdend",2
"houdt",6
"hrmbeleid",3
"huidige",18
"huis",3
"huisarts",1
"huishoudelijke",1
"huishouden",1
"huishoudens",1
"huishouding",1
"huisvesting",3
"hulp",8
"hulpmiddel",1
"hulpmiddelen",4
"hulpverleners",1
"hulpverlening",1
"huren",1
"huur",1
"huuren",1
"huurpremie",1
"huurwoningen",1
"ict",1
"ictuitrusting",1
"ideale",2
"idee",2
"identificatie",1
"identificatiesoftware",1
"ieder",3
"iedere",6
"iedereen",12
"igo",1
"ijkingsproeven",1
"ijverige",1
"ijvert",1
"ijzeren",2
"imec",1
"imf",3
"immers",4
"impact",13
"impliceert",1
"inbedding",1
"inbreidingsprojecten",1
"inbreng",3
"incentives",1
"inclusie",3
"indeling",1
"index",2
"indexmechanisme",1
"indicatiestelling",1
"indicatoren",1
"indicatorleerlingen",1
"indien",2
"indieningstermijn",1
"indirecte",4
"individueel",1
"individuele",6
"indrukwekkende",2
"industri<U+00EB>le",8
"industrie",11
"industrie<U+00EB>n",1
"industrieel",7
"inflatie",6
"inflatiedoelstelling",1
"infoloket",1
"informatie",38
"informatie<U+2019>",1
"informatiebeleid",1
"informatiemaatschappij",1
"informatieportaal",1
"informatieveiligheid",1
"informatieverstrekking",2
"informatisering",1
"informeren",1
"infrabel",1
"infrastructuur",14
"infrastructuurkosten",1
"infrastructuurprojecten",1
"infrastructuurwerken",2
"infrax",1
"ingang",1
"ingebed",2
"ingekort",1
"ingelost",1
"ingeslagen",1
"ingevoerd",3
"ingevuld",1
"ingewikkelde",1
"ingezet",1
"ingreep",2
"ingrepen",3
"ingrijpende",1
"inhaalbeweging",1
"inhoud",4
"initiatief",3
"initiatieven",11
"inkantelling",1
"inkomen",7
"inkomens",4
"inkomensgarantie",1
"inkomensgerelateerde",6
"inkomenssituatie",1
"inkomensvervangende",1
"inkomsten",1
"inkomstenbelastingstelsel",1
"inkorten",1
"inkorting",1
"innemen",2
"innovatie",29
"innovatiebeleid",5
"innovatiecentra",1
"innovatieclusters",1
"innovatief",2
"innovatieinfrastructuur",1
"innovaties",6
"innovatiesteun",1
"innovatieve",30
"innoverende",1
"inperken",1
"inputfactor",1
"inrichten",1
"inschakelen",1
"inschakeling",2
"inschakelingsvergoeding",1
"inschaling",1
"inschalingsinstrumenten",1
"inschat",1
"inschatten",2
"inschattingen",1
"inschrijving",1
"insluiting",1
"inspanning",5
"inspanningen",3
"inspectie",1
"inspectiediensten",2
"inspelen",1
"inspireert",1
"inspireren",1
"instaan",1
"installaties",1
"installeren",1
"instantie",2
"instanties",2
"instellingbesturen",1
"institutioneel",1
"instituut",3
"instroom",2
"instroombeperking",1
"instroomt",1
"instrument",10
"instrumentarium",2
"instrumenten",8
"intact",1
"integendeel",2
"integraal",6
"integrale",7
"integrated",1
"integratie",5
"integratietegemoetkoming",1
"integreren",5
"intellectuele",2
"intelligent",1
"intelligente",4
"intensere",2
"intensief",1
"intensieve",4
"intensifi<U+00EB>ren",1
"intensiteit",2
"interactief",1
"interactieve",1
"interconnectie",1
"interessant",1
"interesses",1
"interest",1
"interestaftrek",2
"intermediairen",1
"intermodaal",1
"internaliseren",1
"internatio",1
"internationaal",8
"internationale",10
"internationaliseren",1
"internationaliseringsstrategie",1
"interne",4
"interprofessioneel",2
"intersectorale",1
"intrestaftrek",2
"intussen",4
"invaliditeit",1
"inventaris",1
"inverkeerstelling",1
"investeerden",1
"investeerder",2
"investeerders",5
"investeert",2
"investeren",59
"investering",2
"investeringen",29
"investeringsbedrag",1
"investeringsbeleid",1
"investeringsbeslissing",1
"investeringsgoederen",2
"investeringsinspanning",1
"investeringsinstrumenten",1
"investeringsklimaat",1
"investeringsmechaniek",1
"investeringsplan",1
"investeringspotentieel",1
"investeringsprojecten",8
"investeringsritme",1
"investeringssteun",1
"investeringstoelage",1
"investment",6
"invoer",1
"invoeren",4
"invoering",4
"invoert",1
"invorderings",1
"invullen",1
"invulling",1
"inwoners",3
"inzake",3
"inzet",4
"inzetten",3
"inzicht",1
"ipv",2
"its",1
"iwt",3
"jaar",38
"jaarbasis",1
"jaarlijks",2
"jaarlijkse",4
"jaarplafond",1
"jagen",1
"januari",1
"jaren",25
"jarenlang",1
"jarigen",1
"jette",2
"jeugd",8
"jeugdbeleid",1
"jeugdgarantie",1
"jeugdhulp",4
"jeugdinfrastructuur",1
"jeugdlokalen",1
"jeugdsanctierecht",1
"jeugdtoerisme",1
"jeugdverblijfsinfrastructuur",1
"jeugdverenigingen",1
"jeugdwerkloosheid",3
"jeugdzorg",1
"job",4
"jobaanbod",1
"jobs",5
"jobsplitsing",1
"jobstudenten",1
"jonge",10
"jonger",1
"jongeren",16
"jongerenwerkloosheid",2
"jongste",2
"jongvolwassenen",1
"juist",1
"juiste",3
"juistere",1
"juli",1
"justiti<U+00EB>le",1
"justitie",7
"justitiehuizen",1
"k<U+00F9>nnen",1
"kaaimuren",1
"kaart",1
"kaarten",1
"kabels",1
"kadaster",1
"kader",14
"kalenderjaar",1
"kandidaat",1
"kandidaatstarters",1
"kankerscreening",1
"kans",6
"kansarme",1
"kansarmen",1
"kansen",19
"kansengroepen",6
"kant",2
"kanttekening",1
"kapitaal",18
"kaprijke",1
"kar",1
"kassa",2
"kavels",1
"kazerne",1
"keel",1
"keer",1
"keert",1
"kempense",1
"kenmerken",1
"kennen",5
"kennis",8
"kenniscentra",5
"kenniscentrum",2
"kennisdiffusie",1
"kenniseconomie",1
"kennisgedreven",2
"kennisinstellingen",5
"kennismakingen",1
"kennisnetwerk",1
"kent",2
"keren",1
"kern",1
"kernen",1
"kerntaken",1
"kernthema",1
"kernuitstap",1
"kernversterking",1
"ket<U+2019>s",1
"ketenmobiliteit",5
"keurde",1
"keuze",8
"keuzegedrag",1
"keuzes",7
"key",1
"kiemen",1
"kiest",2
"kiezen",11
"kiezer",1
"kijf",1
"kijken",2
"kilometer",2
"kilometerheffing",3
"kind",9
"kinderarmoede",1
"kinderbijslag",11
"kinderbijslag<U+2026>",1
"kinderbijslagkassen",1
"kinderen",21
"kinderopvang",23
"kinderopvangvoorzieningen",1
"kindertijd",1
"klaar",1
"klant",3
"klantenkaarten",1
"klantgericht",1
"klantvriendelijke",1
"klas",2
"klassen",1
"klassieke",1
"klaverblad",1
"klein",3
"kleine",7
"kleiner",1
"kleinere",2
"kleinhandel",1
"kleinhandelaars",1
"kleinkinderen",1
"kleinschalige",1
"kleinsten",1
"kleuter",3
"kleuteronderwijs",1
"klimaat",6
"klimaatbeleid",1
"klimaatbeleidsplan",2
"klimaatdebat",1
"klimaatdoelstellingen",3
"klimaatopwarming",1
"klimaatuitdagingen",1
"klimaatveranderingen",2
"klimaatvriendelijk",1
"klinisch",1
"kloof",2
"kmo<U+2019>s",23
"kmoexportmanagers",1
"kmogerichter",1
"kmoleningen",1
"kmomarkt",1
"kmoportefeuille",1
"kmska",1
"knelpuntberoepen",1
"knelpuntdisciplines",1
"koesteren",1
"koks",1
"koksijdeveurne",1
"komen",24
"komende",14
"komt",19
"kong",1
"kontich",1
"koolstofvoetafdruk",1
"koop",1
"koopkracht",2
"koopstromen",1
"koopwoningen",1
"koploper",2
"koppelen",2
"koppeling",3
"koppeloton",1
"kordaat",1
"korpsen",1
"kort",3
"korte",6
"kortere",1
"kortom",4
"kortrijk",2
"kost",2
"koste",5
"kosteloos",3
"kosten",18
"kostenbesparingen",1
"kostendrijvers",2
"kosteneffectieve",1
"kosteneffici<U+00EB>nt",1
"kosteneffici<U+00EB>nte",1
"kostenverlagend",1
"kostprijs",6
"kracht",6
"krachtdadige",1
"krachten",2
"krachtig",4
"krachtige",1
"krachtigste",1
"krappere",1
"krediet",1
"kredietbemiddeling",1
"kredieten",5
"kredietgevers",1
"kredietverschaffers",1
"kredietverstrekking",1
"kregen",3
"krijgen",22
"krijgt",9
"krimp",2
"krimpend",1
"kringloopeconomie",1
"kringlopen",3
"kringwerkingen",1
"kris",3
"kritieke",1
"kritische",1
"krook",1
"kruising",2
"kruispunt",2
"kruispuntbank",1
"kruissnelheid",1
"kunstenaars",1
"kunstgrasvelden",1
"kunstonderwijs",3
"kunststeden",1
"kunt",2
"kust",3
"kusttram",1
"kusttramtraject",1
"kustveiligheidsplan",1
"kwade",1
"kwalificatie",2
"kwalificaties",3
"kwalitateitsvolle",1
"kwalitatieve",10
"kwaliteit",17
"kwaliteitsbewaking",2
"kwaliteitsdenken",2
"kwaliteitsindicatoren",1
"kwaliteitslat",1
"kwaliteitsniveau",2
"kwaliteitsnormen",2
"kwaliteitsverschillen",1
"kwaliteitsvol",11
"kwaliteitsvolle",24
"kwaliteitszorg",1
"kwam",3
"kwetsbare",2
"kyotonorm",1
"laad",1
"laag",3
"laagdrempelige",2
"laaggeschoolden",3
"laagste",1
"laarbeekbos",1
"laat",11
"laatste",5
"laden",1
"lage",3
"lagen",1
"lager",4
"lagere",8
"land",12
"landbouw",5
"landbouwbedrijven",1
"landbouwers",1
"landbouwinvesteringsfonds",1
"landbouwmarkten",1
"landbouwsector",2
"landen",8
"lang",5
"langdurig",3
"langdurige",4
"lange",8
"langer",5
"langere",13
"langetermijnbeleid",1
"langetermijneffecten",1
"langetermijnplan",1
"langetermijnvisie",2
"langlopend",1
"langs",3
"language",1
"lasten",15
"lastenverlaging",4
"lastenverlagingen",1
"lastenverschuiving",1
"lat",2
"laten",30
"later",2
"laties",1
"lead",1
"learn",1
"learning",4
"led<U+2019>s",1
"leden",1
"leefervaringen",1
"leefloners",2
"leefloon",2
"leefmilieu",7
"leefomgeving",17
"leefproces",1
"leefsituaties",1
"leeft",2
"leeftijd",7
"leeftijdsgebonden",1
"leeftijdsgrens",1
"leeftijdsgroep",1
"leeftijdsgroepen",1
"leeftijdsonafhankelijk",1
"leeftijdsvoorwaarde",1
"leegstand",2
"leer",3
"leerkracht",2
"leerkrachten",19
"leerkrachtenteams",1
"leerlijn",2
"leerling",8
"leerlingen",23
"leerlingenaantallen",1
"leerlingenbegeleiding",2
"leerlingenkenmerken",1
"leerlingenmobiliteit",1
"leerlingenwezen",1
"leerlingwezen",1
"leerplicht",1
"leerplichtonderwijs",2
"leerroutes",1
"leert",1
"leertijd",1
"leertrajecten",2
"leerwinst",1
"leest",2
"leggen",11
"legislatuur",17
"legt",1
"leiden",15
"leiding",1
"leidingen",1
"leidmotief",1
"leidt",10
"lembeke",1
"lenigen",1
"leningen",2
"leraar",1
"leraars",4
"lerarenopleiding",2
"lerarentekort",1
"leren",16
"les",3
"lesopdracht",1
"leuk",1
"leuven",3
"leven",19
"levensbreed",1
"levenscyclus",1
"levensduurte",1
"levensfasen",1
"levensgemeenschap",1
"levenskwaliteit",3
"levenslang",3
"levensstandaard",1
"levensverwachting",3
"leveranciers",1
"leverde",1
"leverden",1
"leveren",5
"levert",6
"liberaliteiten",1
"lichamelijke",2
"licht",2
"lichte",1
"lidmaatschap",1
"lidstaten",5
"liggen",3
"ligging",2
"ligt",7
"lijn",11
"lijst",1
"limburg",4
"liquiditeit",1
"lisme",1
"lissabon",1
"livan",1
"live",1
"locatie",1
"logica",1
"logies",1
"logisch",2
"logistiek",1
"logistieke",5
"lokaal",9
"lokale",38
"loket",2
"loketten",2
"lommel",1
"lonen",5
"loon",3
"loonkost",1
"loonkosten",1
"loonkostenhandicap",4
"loonlastenverlagingen",1
"loonnorm",1
"loononderhandelingen",2
"loonsonderhandelingen",1
"loonstijgingen",1
"loonsverhogingen",2
"loont",6
"loonvorming",1
"loopbaan",9
"loopbaanbegeleiding",1
"loopbaanjaren",1
"loopbaankeuzes",1
"loopbanen",10
"loopt",1
"lopen",2
"lopende",2
"los",1
"losmaterieel",1
"lossen",1
"lot",1
"louter",1
"lucht",1
"lucht<U+2013>",1
"luchthaven",1
"luchthavens",1
"luchtkwaliteit",1
"luchtkwaliteitsplan",1
"luchtvervuiling",1
"luik",8
"luiken",2
"luisteren",1
"lukken",1
"lummen",1
"luxe",1
"luxemburg",2
"maakindustrie",2
"maakt",13
"maakten",2
"maand",3
"maanden",3
"maastricht",1
"maat",11
"maatregel",2
"maatregelen",37
"maatschappelijk",4
"maatschappelijke",17
"maatwerk",2
"machinebouw",1
"macht",1
"macro",1
"mag",10
"maken",78
"maldegem",1
"managers",1
"manier",18
"manieren",1
"mannen",1
"mantel",1
"mantelzorg",1
"mantelzorger",1
"mantelzorgers",4
"marge",2
"maritieme",4
"marketing",1
"markt",6
"marktaandeel",1
"markten",4
"marktfinanciering",1
"marktleider",1
"marktspelers",1
"marktwerking",1
"massa",1
"massaproductie",2
"masterplan",4
"matcht",1
"mate",8
"materiaal",2
"materiaalintensieve",1
"materiaalkringlopen",2
"materialen",5
"materialenbeheer",1
"materialenbeleid",3
"materialendecreet",1
"materialenprogramma",2
"materies",1
"mathemathics",1
"matthe<U+00FC>seffect",1
"matuur",2
"maximaal",4
"maximale",3
"maximaliseren",1
"maximum",2
"maximumfactuur",2
"meandert",1
"mechanismen",1
"mede",1
"medebeheer",2
"mededingingsautoriteiten",1
"medewerking",1
"media",1
"medicopsychologische",1
"medisch",7
"medische",9
"mee",17
"meebetalen",2
"meebouwt",1
"meebrengen",1
"meebrengt",2
"meegerekend",1
"meerjarenbegroting",4
"meerjarenbegrotingen",1
"meerjareninvesteringsplan",2
"meerkosten",2
"meerontvangsten",1
"meeropbrengst",1
"meervoudig",1
"meerwaarde",5
"meerwaardenvrijstelling",1
"meest",15
"meestal",2
"meeste",3
"mei",1
"meisjes",1
"mekaars",1
"mening",1
"mens",7
"menselijk",11
"mensen",64
"menswaardig",3
"mes",1
"meso",1
"meteen",3
"meten",1
"meter",2
"methodiek",1
"methodieken",1
"metro",1
"metronet",1
"metronoord",1
"micro",2
"microkredieten",1
"middel",5
"middelen",19
"middelengebruik",1
"middelmaat",2
"midden",2
"middenmaat",1
"middenveld",2
"migratie",4
"migraties",1
"mikken",1
"milderen",1
"milieu",8
"milieubelastingen",4
"milieubeleid",1
"milieuen",2
"milieuprestaties",1
"miljard",24
"miljoen",17
"min",1
"minder",21
"minderheden",1
"minderjarigen",1
"minderuitgave",1
"mindset",1
"minima",2
"minimum",4
"minimumleeftijd",1
"minimumpensioen",1
"minister",1
"ministerpresident",1
"ministerraden",1
"ministers",2
"minste",1
"minstens",6
"misdrijf",1
"misschien",1
"missies",1
"mits",1
"mivb",1
"mivbbeheerscontract",1
"mo<U+00E9>t",1
"mobiele",3
"mobiliteit",40
"mobiliteitsbeleid",1
"mobiliteitsbewustzijn",1
"mobiliteitsbudget",4
"mobiliteitshulpmiddelen",1
"mobiliteitshulpmiddelenbeleid",1
"mobiliteitsimpact",1
"mobiliteitskansen",1
"mobiliteitskeuzes",1
"mobiliteitsknooppunten",1
"mobiliteitskosten",1
"mobiliteitsnetwerk",1
"mobiliteitsoplossingen",1
"mobiliteitsplan",1
"mobiliteitssysteem",1
"modale",2
"model",13
"modellen",1
"modern",13
"moderne",6
"modernisering",1
"modi",1
"moed",2
"moeder",1
"moeders",1
"moedigen",6
"moedigt",1
"moeilijk",3
"moeilijke",5
"moeilijker",2
"moeilijkheden",1
"moeite",1
"moeten",108
"mogelijk",47
"mogelijke",3
"mogelijkheden",10
"mogelijkheid",6
"mogen",9
"molhassel",1
"moment",6
"momenteel",4
"momentum",5
"mondiale",2
"monitoring",2
"monumenten",1
"mooie",3
"morele",2
"morgen",9
"mortsel",1
"motivatie",1
"motor",1
"motto",1
"multidisciplinair",1
"multidisciplinaire",1
"multifunctioneel",1
"multifunctionele",2
"multimodale",1
"multimodaliteit",1
"multinationale",1
"multiplicatoreffect",1
"muren",1
"naadloos",1
"naadloze",1
"naargelang",2
"naarmate",2
"naast",10
"nabij",1
"nabijheid",3
"nadat",1
"nadien",1
"nadruk",6
"nadrukkelijk",2
"nagaan",4
"nale",1
"nam",3
"namelijk",1
"nanoelektronica",1
"nanotechnologie",2
"nastreven",2
"nationale",3
"natraject",1
"natuur",2
"natuurlijk",5
"natuurlijke",7
"natuurwaarden",1
"nauw",1
"nauwe",1
"nauwelijks",1
"nauwgezet",1
"nauwkeurige",1
"nauwst",1
"nederland",5
"nederlanders",1
"nederlands",4
"nederlandse",2
"nederlandstaligen",1
"neemt",7
"neer",2
"neerpelt",1
"negatief",1
"negatieve",2
"nemen",35
"nemo",1
"nergens",1
"net",5
"netbeheerders",1
"netto",3
"nettoinkomen",1
"nettoloon",2
"netwek",1
"netwerk",18
"netwerkeconomie",1
"netwerken",24
"netwerking",2
"netwerkstructuren",1
"nevenkosten",1
"ngo<U+2019>s",1
"ni<U+00E9>t",4
"niche",1
"niches",1
"niemand",1
"nietarbeidsgebonden",1
"nietenergiegebonden",1
"nieteuropese",1
"nietgericht",1
"nietindividualiseerbare",1
"nietloonkredieten",1
"nietobjectiveerbare",1
"nietrechtstreeks",1
"niettemin",1
"nieuw",10
"nieuwbouw",1
"nieuwe",83
"nieuwigheid",1
"nieuwsoortig",1
"nieuwste",1
"nijvel",1
"nijverheidstechnische",1
"niveau",30
"niveaus",4
"nmbs",3
"nmbs<U+2019>",1
"nmbsgroep",1
"noch",2
"nochtans",2
"noden",11
"nodig",41
"nodige",1
"noemen",2
"nomenclatuur",1
"nominale",1
"nood",17
"noodzaak",2
"noodzaakt",1
"noodzakelijk",8
"noodzakelijke",9
"nooit",6
"noopt",1
"noordelijke",1
"noorden",1
"noordstation",1
"noordzuidverbinding",2
"norm",2
"normen",1
"notionele",4
"november",3
"nuance",1
"nul",2
"nulgroei",2
"nulmeting",1
"nultolerantie",1
"nutsbedrijven",1
"nutslei",1
"nuttig",1
"objectief",2
"objectieve",1
"objectieven",2
"objectiveerbare",1
"objectiveren",1
"obligaties",1
"ocmw",1
"ocmw<U+2019>s",2
"octrooiinkomsten",1
"oedingssector",1
"oefenen",1
"oefening",1
"oeso",5
"offshore",1
"offshorewindmolenparken",1
"ogen",4
"ogenblikken",1
"ombouw",3
"ombouwen",1
"omdoet",1
"omgaan",4
"omgekeerd",1
"omgeving",6
"omgevingen",1
"omgevingsvergunning",4
"omgevingsvergunningendecreet",1
"omgezet",2
"omleiding",3
"omleidingen",2
"omschreven",1
"omslag",1
"omspringen",1
"omstandigheden",1
"omvang",3
"omvat",3
"omvattend",1
"omvormen",2
"omvorming",1
"omwenteling",4
"omwille",3
"omzetten",3
"onafhankelijke",2
"ondanks",3
"onderbouw",4
"onderbouwd",1
"onderbreken",1
"onderbreking",1
"onderbrengen",1
"onderdeel",6
"onderdelen",6
"ondergaan",1
"ondergraaft",1
"ondergrond",1
"onderhandeld",2
"onderhandelen",1
"onderhandelingen",1
"onderhandelingsmaterie",1
"onderhandelingstafels",1
"onderhoud",2
"onderlaag",1
"onderling",5
"onderlinge",1
"ondermeer",1
"ondermijnen",2
"ondermijnt",4
"ondernemen",28
"ondernemen<U+2019>",1
"ondernemend",1
"ondernemende",5
"ondernemer",3
"ondernemers",21
"ondernemerschap",26
"ondernemerschapsbeleid",1
"ondernemerschapscompetenties",1
"ondernemersorganisaties",4
"ondernemersvertrouwen",1
"ondernemersvriendelijk",1
"onderneming",1
"ondernemingen",22
"ondernemingsgezind",1
"ondernemingsniveau",1
"ondernemingsplan<U+2019>",1
"ondernemingsvriendelijk",1
"ondernemingsvriendelijke",2
"ondernemingszin",2
"onderscheid",3
"ondersteund",4
"ondersteunde",1
"ondersteunen",13
"ondersteunend",1
"ondersteunende",1
"ondersteuning",24
"ondersteuningsbeleid",1
"ondersteuningsbronnen",1
"ondersteuningsnood",2
"ondersteuningsplaats",1
"ondersteuningsregeling",1
"ondersteunt",4
"ondertussen",2
"onderuit",3
"ondervertegenwoordigd",1
"ondervertegenwoordiging",1
"onderweg",1
"onderwijs",81
"onderwijsaanbod",12
"onderwijsaanbod<U+2019>",1
"onderwijsactoren",1
"onderwijsbehoeften",1
"onderwijsdoelstellingen",1
"onderwijskansen",1
"onderwijsmodel",1
"onderwijsmotor",2
"onderwijsniveaus",1
"onderwijspartners",1
"onderwijstijd",1
"onderwijstraject",1
"onderwijsverandering",1
"onderwijswereld",1
"onderzoek",10
"onderzoeken",1
"onderzoekers",3
"onderzoekscentra",1
"onderzoeksinfrastructuur",2
"onderzoeksinstellingen",1
"oneer",1
"oneigenlijke",1
"onele",1
"ongeacht",3
"ongekwalificeerd",1
"ongekwalificeerde",1
"ongelijkheid",2
"ongeschoold",1
"ongevallen",2
"ongevalpreventie",1
"ongeveer",4
"ongewilde",1
"ongunstige",1
"onkostenvergoedingen",1
"onlangs",1
"online",1
"onlinehandel",1
"onlosmakelijk",1
"onlyonceprincipe",1
"onmiddellijke",1
"onmisbare",1
"onmiskenbaar",1
"onmogelijk",2
"onomwonden",1
"onontbeerlijk",3
"onontgonnen",1
"onophoudelijk",1
"onpas",1
"onproductieve",1
"ontbinding",1
"ontdekken",1
"ontdubbeld",1
"ontgonnen",2
"ontgroening",1
"onthaald",1
"ontlopen",1
"ontmoedigen",1
"ontoereikend",1
"ontplooien",3
"ontraden",1
"ontslag",1
"ontslagen",1
"ontslagpremies",1
"ontslagrecht",1
"ontsluiting",7
"ontspannen",2
"ontspanning",1
"ontspanningsmogelijkheid",1
"ontsporing",1
"ontspruiten",1
"ontstaan",2
"ontstaat",1
"ontwikkeld",1
"ontwikkelen",20
"ontwikkeling",17
"ontwikkelingen",1
"ontwikkelingsgericht",1
"ontwikkelingskansen",1
"ontwikkelt",2
"ontwrichte",1
"ontzien",1
"onveiligheid",1
"onverkort",4
"onvermijdelijk",1
"onverminderd",2
"onvervulde",1
"onvoldoende",6
"onvolle",1
"onvoorziene",1
"onze",98
"onzekerheid",1
"oog",4
"ooinstrumenten",1
"ooit",8
"oorsprong",1
"oorzaken",3
"oostelijke",1
"oosterweelverbinding",1
"oostvlaanderen",4
"opbouw",5
"opbrengst",1
"opbrengsten",1
"opbrengt",1
"opdat",5
"opdoen",2
"opdracht",10
"opdrachten",3
"opdrachtenpakket",1
"opeisen",1
"open",15
"openbaar",14
"openbare",8
"opent",2
"opera",1
"operatie",1
"opgaan",1
"opgebouwd",2
"opgebouwde",1
"opgebruikt",1
"opgeleide",1
"opgelopen",1
"opgemaakt",1
"opgenomen",3
"opgericht",1
"opgesomd",1
"opgesteld",1
"opgetrokken",1
"opgeven",1
"opgroeien",1
"opgroeit",1
"ophalen",1
"opkomende",1
"opleiding",17
"opleidingen",5
"opleidingsbeleid",1
"opleidingsen",1
"opleidingsinstituut",1
"opleidingsniveau",1
"opleidingsniveaus",1
"opleidingstrajecten",1
"opleidingsvorm",1
"opleveren",6
"oplevert",5
"oplijsten",2
"oplopende",1
"oplossing",1
"oplossingen",11
"opmaak",1
"opname",2
"opnames",3
"opneemt",1
"opnemen",1
"opnieuw",5
"oppashulp",1
"oppervlaktes",1
"opportuniteit",1
"opportuun",1
"opslag",1
"opsporing",1
"opsporingsdiensten",1
"opstap",1
"opstellen",1
"optelsom",2
"optie",2
"opties",1
"optimaal",5
"optimale",4
"optimalisatie",1
"optimaliseren",4
"optreden",3
"opvallend",1
"opvang",5
"opvangen",2
"opvangmogelijkheden",1
"opvangplaats",1
"opvoeding",3
"opvoedingsondersteuning",1
"opvoedingsre",1
"opvoedingsverantwoordelijken",1
"opvoeren",2
"opvolging",5
"opvragen",1
"opvraging",1
"opwaarderen",2
"opwarming",1
"opwekking",1
"opzegtermijnen",2
"opzegvergoeding",1
"opzichte",4
"orde",9
"ordening",4
"orgaan",1
"organisatie",6
"organisaties",4
"organisatorische",2
"organiseert",1
"organiseren",4
"ori<U+00EB>ntatieproeven",1
"ori<U+00EB>nteren",1
"orthopedagogen",1
"ottignies",1
"oude",3
"oudegem",1
"ouder",4
"ouderbijdrage",1
"oudere",6
"ouderen",8
"ouderenbeleid",1
"ouderenzorg",13
"ouders",7
"ouderschap",1
"ouderverenigingen",1
"outplacement",1
"overaanbod",1
"overblijvende",1
"overbruggen",1
"overbruggingsmaatregelen",1
"overdracht",1
"overeen",1
"overeind",2
"overgang",5
"overgangsperiode",1
"overgedragen",1
"overgehevelde",1
"overgekomen",1
"overgemaakt",1
"overheden",11
"overheid",65
"overheidsagentschappen",1
"overheidsbudgetten",1
"overheidsdiensten",4
"overheidsimpulsen",1
"overheidsinformatie",4
"overheidsinvesteringen",2
"overheidsmiddelen",1
"overheidsniveau",1
"overheidsniveaus",1
"overheidsoptreden",1
"overheidspapier",1
"overheidsschuld",3
"overheidswaarborg",1
"overheidswaarborgen",1
"overheveling",3
"overhouden",2
"overige",3
"overkwalificatie",1
"overlappingen",2
"overlapt",1
"overlast",1
"overleg",42
"overlegmodel",2
"overlegstructuren",1
"overleven",1
"overname",2
"overschot",1
"overschrijden",1
"overslagmogelijkheden",3
"overstapmogelijkheden",2
"overstappen",1
"overstijgt",3
"overstromingen",1
"overtreffen",1
"overtuigd",3
"overtuigen",1
"overtuiging",1
"overuren",5
"overwegen",1
"overweging",1
"overzichtelijk",1
"paars",1
"paarse",1
"paarsgroen",1
"paarsgroene",1
"pact",13
"pad",1
"pakken",3
"paper",1
"papieren",1
"paradigma",3
"parallelwegen",1
"parameters",1
"parcours",1
"paritair",1
"parkeergelegenheid",1
"parkeerproblemen",1
"parlement",2
"parlementslid",1
"participatie",5
"participatiefonds",6
"participatiemaatschappij",1
"partij",12
"partners",19
"partnerschappen",2
"pas",4
"passen",4
"passend",1
"passende",2
"past",2
"pathologie",1
"pati",1
"pati<U+00EB>nt",8
"pati<U+00EB>ntbewoner",1
"pati<U+00EB>nten",2
"pati<U+00EB>ntgericht",1
"patient",1
"pech",1
"pedagogische",1
"peeters",3
"peil",3
"pendelverkeer",1
"pensioen",13
"pensioenbedragen",1
"pensioenberekening",2
"pensioenen",5
"pensioenhervorming",1
"pensioenleeftijd",2
"pensioenloopbaan",1
"pensioenopbouw",2
"pensioenrechten",3
"pensioenregimes",1
"per",14
"percentage",1
"peren",1
"perfect",1
"performant",1
"performante",4
"periferie",1
"periode",7
"periodes",3
"periodieke",1
"permanent",2
"permanente",3
"personeel",5
"personeelsbeleid",1
"personeelsleden",2
"personeelslid",1
"personen",17
"personenbelasting",8
"personenbelastingen",1
"personenwagens",1
"persoon",3
"persoonlijk",1
"persoonlijke",3
"persoonsgebonden",1
"persoonsgerichte",1
"persoonsvolgend",2
"persoonsvolgende",6
"perspectief",2
"peterschapsprojecten",1
"pieken",1
"piekproject",1
"pijler",2
"pijlers",2
"pijnlijke",1
"pilootprojecten",1
"pilot",1
"piramide",1
"pisa",1
"plaats",29
"plaatsen",2
"plafond",1
"plafonds",1
"plan",25
"planaanvraag",1
"planeet",1
"plank",1
"plannen",6
"planning",4
"plantaardige",1
"plantje",1
"plants",1
"platform",1
"platteland",2
"pleegden",1
"pleegzorg",1
"pleit",2
"pleiten",3
"plek",1
"plicht",4
"plichten",2
"plichtingen",1
"plotse",1
"plukken",1
"pluspunten",1
"plussers",2
"pmv",4
"politici",1
"politie",1
"politiek",5
"politieke",4
"pols",1
"pool",1
"poolen",1
"poorten",2
"populariteit",1
"populatie",1
"portaal",2
"positie",4
"positief",6
"positieve",2
"potenti<U+00EB>le",1
"potentials",1
"potentieel",2
"pps",1
"ppsformules",1
"ppsprojecten",1
"prachtige",1
"praktijk",3
"praktijken",3
"praktijkgericht",1
"praktijkgerichte",1
"praktijksituatie",1
"praktisch",1
"praten",1
"precair",1
"precisielandbouw",1
"preferenti<U+00EB>le",1
"premie",10
"premieaanvraag",1
"premies",2
"premiestelsel",1
"presentatie",1
"presenteren",2
"prestatiefinanciering",1
"prestaties",4
"presteert",1
"preventie",5
"preventie<U+2026>",1
"preventiebeleid",3
"preventief",1
"preventieprotocollen",1
"preventieve",3
"prijs",3
"prijsevoluties",1
"prijsvolume",1
"prijzen",1
"primeren",1
"principe",2
"principes",1
"prioritair",2
"prioriteit",4
"prioriteiten",4
"priv<U+00E9>klinieken",1
"priv<U+00E9>ondernemingen",1
"privaat",1
"privacy",1
"private",5
"proactief",1
"proactieve",2
"problematiek",1
"problematische",1
"problemen",6
"procedurele",1
"procedures",4
"procent",2
"procentuele",2
"proces",4
"procesoplossingen",1
"procesvernieuwing",1
"producenten",2
"producten",9
"productie",6
"productiefactoren",1
"productiemethoden",1
"productiemodel",1
"productieprocessen",2
"productietechnologie",1
"productievolumes",1
"productiviteit",5
"productiviteitssprongen",1
"productkorf",1
"productontwikkeling",3
"proefproject",1
"professi",1
"professionalisering",1
"professionaliseringstrajecten",1
"professioneel",1
"professionele",4
"professionelen",2
"profit",2
"programma",1
"progressief",1
"progressiviteit",1
"project",7
"projecten",10
"projectmatig",1
"projectontwikkelaars",1
"prominente",1
"promoten",2
"promotie",2
"prosumenten",1
"provinciaal",1
"provinciale",1
"provincie",6
"provinciefonds",1
"psychiatrie",2
"psychiatrische",2
"psychisch",1
"psychische",1
"psychologen",1
"psychologische",1
"psychosociale",1
"psychotherapeuten",1
"publieke",2
"publiekprivate",1
"punt",4
"punten",2
"puursdendermonde",1
"pwa<U+2019>s",1
"quasi",1
"raad",5
"raakvlakken",1
"radicale",1
"raken",3
"rand",2
"randvoorwaarden",4
"rankings",1
"rapport",1
"rbis",1
"re<U+00EB>le",4
"reactieve",1
"reageren",1
"real",1
"realisatie",4
"realisaties",2
"realiseren",8
"realisme",1
"realistisch",6
"realistische",1
"realiteit",2
"realiteitsbetrokken",1
"recent",3
"recente",3
"recht",14
"rechten",9
"rechteroever",1
"rechtstreeks",6
"rechtstreekse",1
"rechtszeker",1
"rechtszekerheid",5
"rechtvaardig",5
"rechtvaardige",15
"rechtvaardiger",1
"rechtvaardigheid",2
"rechtzeker",2
"record",1
"recordbedrag",1
"recordjaar",1
"recreatief",1
"recreatiemogelijkheden",1
"recurrent",1
"recyclagetechnologie",1
"redelijke",4
"reden",5
"redenen",1
"reduceren",2
"referentiecentra",1
"referentiejaar",1
"referentieterugbetaling",1
"regeerakkoord",1
"regeerperiode",3
"regel",1
"regelgeving",9
"regeling",1
"regelluw",1
"regelluwte",1
"regels",2
"regering",25
"regeringen",2
"regie",2
"regiefunctie",1
"regietaak",1
"regime",1
"regio",8
"regio<U+2019>s",6
"regionaal",2
"regionale",7
"regisseert",1
"regisseur",3
"regressie",3
"regularisatie",2
"regulariseren",1
"regularisering",1
"regulator",1
"reguliere",1
"reiken",1
"reisweg",1
"reizen",1
"reiziger",2
"reizigers",1
"rekenen",5
"rekening",18
"rekeningrijden",5
"rekrutering",1
"relance",12
"relatie",2
"relevant",1
"relevante",2
"rem",1
"remedi<U+00EB>ren",1
"remedi<U+00EB>ring",1
"remmen",2
"ren",2
"rend",1
"rendabel",1
"rendement",1
"renovatie",3
"renovatiepremie",1
"renovatiewerken",1
"rente",3
"rentmeesters",1
"rentmeesterschap",2
"reorganisatie",1
"reparatiewetgeving",1
"representatief",1
"representativiteit",1
"reserveringen",1
"residenti<U+00EB>le",10
"resoluut",1
"respect",9
"respecteert",1
"respecteren",4
"respectievelijk",1
"respijtzorg",2
"responsabiliseren",1
"responsabilisering",1
"ressorteerden",1
"rest",2
"resterende",2
"restgebied",1
"restwarmte",1
"resultaat",4
"resultaatsgerichte",1
"resultaten",10
"revalidatie",3
"revalidatieaanbod",1
"richten",3
"richting",3
"richtlijnen",2
"rij",1
"rijden",2
"rijk",1
"rijkdom",4
"rijn",2
"rijopleiding",1
"rijp",1
"ring",4
"ringstructuren",1
"rioleringswerken",1
"risico",5
"risico<U+2019>s",5
"risicobeheersing",1
"risicokapitaal",4
"risicoloos",1
"robuust",1
"rode",2
"roer",1
"roerende",1
"rol",13
"rompslomp",1
"rond",14
"rondes",1
"routenetwerk",2
"royersluis",1
"rsz",1
"rug",1
"ruggengraat",1
"ruil",1
"ruim",4
"ruimere",1
"ruimschoots",1
"ruimte",17
"ruimtelijke",5
"rup<U+2019>s",1
"rustpauzes",2
"salaris",1
"salk",3
"samen",28
"samenbrengen",2
"samengaan",1
"samengesteld",2
"samenhang",1
"samenhangend",3
"samenleggen",2
"samenleving",32
"samenlevingsvormen",1
"samenspraak",1
"samenstellen",1
"samenstelling",2
"samenvoegen",1
"samenwerken",5
"samenwerking",32
"samenwerkingsakkoord",1
"samenwerkingsakkoorden",1
"samenwerkingsverbanden",1
"samenwonen",2
"samenwonende",1
"sanctionering",2
"sas",1
"scandinavische",1
"schaal",3
"schaalvergroting",3
"schaarste",3
"schaden",1
"schaffen",1
"schakelen",1
"schakels",2
"schakelt",1
"schaliegas",1
"schatkist",1
"schatten",2
"scheiding",1
"scheidingslijnen",1
"scheikundige",1
"scheppen",1
"scherper",1
"scholen",16
"scholenbouw",2
"scholingsgraad",1
"school",14
"schoolbanken",3
"schoolbesturen",3
"schoolgebouwen",1
"schoolkeuze",2
"schoolkinderen",1
"schoolloopbaanbegeleiding",1
"schoolteams",1
"schoolverlaters",3
"schoot",1
"schotten",2
"schouders",1
"schragen",1
"schrijven",1
"schuiven",2
"schuldgraad",2
"schumanjosafat",1
"science",1
"screening",1
"sector",22
"sectorcontroles",1
"sectoren",18
"secundair",8
"seinescheldeverbinding",1
"selectief",1
"selectiviteit",1
"semiindustri<U+00EB>le",1
"senaat",3
"senatoren",1
"senioren",3
"seniorleerkrachten",1
"sensibiliseren",1
"sensibilisering",3
"serv",1
"servpartners",1
"sfeer",1
"shelter",1
"shift",2
"shift<U+2019>",3
"ship",1
"shipproject",1
"shoppingcentrum",1
"significant",1
"significante",1
"sinds",4
"singapore",1
"sintniklaas",1
"sinttruiden",1
"siod",1
"situatie",5
"situaties",2
"slaagkans",1
"slaagkansen",1
"slag",4
"slagen",5
"slagkracht",1
"slechte",1
"slechtere",1
"slechts",3
"sleutelcompetenties",1
"sleuteldomeinen",1
"sleutels",2
"slim",8
"slimme",32
"sloop",1
"slot",3
"sloten",1
"slotte",3
"sluipverkeer",2
"sluis",3
"sluit",1
"sluiten",6
"smart",6
"smeermiddel",1
"snel",10
"snelheid",1
"snelheidsaanpassing",1
"snelle",3
"sneller",6
"snellere",1
"sneltramlijn",1
"snelwegen",2
"snijden",1
"sociaal",45
"sociaalcontextueel",1
"sociaaleconomisch",13
"sociaaleconomische",3
"social",3
"sociale",205
"socialezekerheidsinstellingen",1
"socialezekerheidsrecht",1
"socioeconomische",1
"sokkelstatuut",1
"soldenprijzen",1
"solidair",4
"solidaire",1
"solidariteit",1
"sommige",6
"sommigen",1
"soms",3
"spaarboekje",1
"spaarders",2
"spaarfiscaliteit",1
"spaargeld",1
"spaargelden",1
"spaarrichtlijn",1
"speakers<U+2019>",1
"speciale",1
"specialisatiestrategie",1
"specificiteit",1
"specifiek",1
"specifieke",9
"speelt",3
"speerpunt",1
"speerpuntprojecten",1
"spelen",5
"spelers",4
"spelregels",1
"spieren",1
"spinofffondsen",1
"spinoffs",1
"spinouts",1
"spitsmomenten",1
"spitsstroken",1
"spontane",1
"spoor",3
"spoorbundels",1
"spooren",1
"spoorinfrastructuur",2
"spoormannen",1
"spoorontsluiting",1
"spooroperatoren",1
"spoorverbinding",1
"spoorvervoer",2
"spoorwegstrategie",1
"sporen",5
"sport",11
"sporten",1
"sporthallen",1
"sportieve",1
"sportvelden",1
"spreiden",1
"spreiding",2
"springen",2
"springplank",1
"sprong",2
"staan",13
"staat",26
"staathervorming",1
"staatshervorming",37
"staatshervormingen",1
"staatsmodel",1
"staatsstructuur",2
"staatstructuur",3
"stabiel",4
"stabiele",4
"stabilisatoren",2
"stabiliteit",8
"stad",4
"stadia",1
"stadium",1
"stadsbesturen",1
"stage",3
"stageplaatsen",1
"stages",8
"stagevormen",1
"stagiairs",1
"stakeholderbeleid",2
"stakeholders",1
"stakeholdersbeleid",1
"stampen",1
"stand",5
"standaardisering",1
"stap",13
"stappen",5
"stapsgewijs",1
"start",2
"starten",8
"startende",3
"starters",8
"startpositie",1
"state",2
"statistische",1
"statuten",2
"statuut",10
"ste",2
"stedelijke",1
"steden",1
"stedenbouwkundige",1
"stedenfonds",1
"steeds",5
"steek",1
"steenbruggebrug",1
"steevast",1
"stegen",1
"stellen",16
"stelsel",9
"stelselmatig",1
"stelsels",2
"stelt",5
"stem",2
"stemactieplan",1
"stembeleid",1
"stemberoepen",1
"stemmen",8
"stenen",1
"sterk",21
"sterke",11
"sterken",1
"sterker",5
"sterkere",4
"sterkst",1
"sterkste",1
"sterkte",1
"sterktes",3
"sterrebeek",1
"sterrenrestaurant",1
"steun",2
"steunen",3
"steunmaatregelen",3
"steunt",3
"steuntje",1
"stevenen",1
"stevig",4
"stevige",1
"stijgen",2
"stijgende",2
"stijging",8
"stijgt",2
"stillere",1
"stimulans",3
"stimulansen",3
"stimule",1
"stimuleer",1
"stimuleert",4
"stimuleren",27
"stimulerende",2
"stimulering",1
"stimuli",3
"stipt",1
"stiptheidscijfers",1
"stof",1
"stopt",1
"stormweer",1
"straat",1
"straffen",1
"strategie",4
"strategische",4
"straten",2
"streefcijfer",2
"streefcijfers",1
"streeft",4
"streek",3
"streven",5
"strijd",16
"strikt",1
"strikte",2
"stroom",1
"stroomproductie",1
"structureel",4
"structurele",4
"structuren",1
"structuurhervormingen",1
"studenten",3
"studentenarbeid",1
"studeren",1
"studie",2
"studiekeuze",1
"studiekeuzeproces",1
"studierichtingen",1
"studies",2
"studietoelagen",4
"stuiten",1
"stuk",1
"sturing",1
"stutten",1
"stuurbare",1
"su<U+00EF>cidepreventie",1
"suben",1
"subsidariteitsbeginsel",1
"subsidi<U+00EB>ren",1
"subsidi<U+00EB>ring",2
"subsidiariteit",1
"subsidiebeleid",3
"subsidies",3
"substantieel",2
"succes",2
"succesvolle",5
"superspecialisatie",1
"superspecialistische",1
"sve",1
"switchgedrag",1
"synergie",1
"syntravlaanderen",2
"systeem",15
"systematisch",2
"systematische",1
"systemen",3
"taak",2
"taakafspraken",1
"taakbelasting",1
"taal",1
"taalaanbod",1
"taaldrempel",1
"taalopleiding",1
"taalvoordeel",1
"tabak",1
"taken",2
"takenpakket",1
"taksen",1
"tal",1
"talen",4
"talent",5
"talenten",8
"talrijke",7
"tandje",1
"tangent",1
"tarief",4
"tarieven",2
"tarievenbeleid",2
"tast",1
"tasten",1
"tax",3
"team",1
"teams",2
"teamvorming",1
"techniek",2
"technisch",3
"technische",3
"technologie",2
"technologie<U+00EB>n",2
"technologieattach<U+00E9>s",1
"technologiedomeinen",1
"technologies",1
"technologisch",1
"technologische",7
"technology",1
"tegelijk",6
"tegelijkertijd",3
"tegemoetkoming",5
"tegemoetkomingen",5
"tegengaan",1
"tegenover",4
"tegenprestatie",1
"tegenstelling",1
"tekort",3
"telden",1
"telewerken",1
"telkens",8
"teloorgang",1
"telt",2
"ten",35
"ter",9
"terecht",6
"terechtkomt",1
"termijn",16
"terneuzen",2
"terrassentaks",1
"terrein",3
"terreinen",1
"terug",6
"terugbetaalbaar",1
"terugbetaling",2
"terugdringen",2
"teruggebracht",2
"teruggedrongen",1
"terugkeren",1
"terugtreden",2
"terwijl",2
"testen",1
"teveel",1
"tevoren",2
"tewerk",1
"tewerkstelling",10
"tewerkstellingsbeleid",1
"tewerkstellingsmogelijkheden",1
"textielbedrijven",1
"thab",1
"the",1
"thema<U+2019>s",1
"thematische",1
"theorie",1
"theorie<U+00EB>n",1
"therapeutische",2
"thuis",4
"thuismarkt",2
"thuistaal",1
"thuiszorg",7
"ticketintegratie",2
"tielt",1
"tien",4
"tihange",1
"tijd",10
"tijde",1
"tijdelijk",1
"tijdelijke",8
"tijden",3
"tijdens",11
"tijdig",3
"tijdje",1
"tijdrovende",3
"tijdskrediet",1
"tijdsnood",1
"tijdstip",1
"tijdswinst",1
"til",1
"time",1
"tinafonds",1
"tjesland",1
"toe",23
"toegang",13
"toegangspoorten",1
"toegankelijk",6
"toegankelijke",4
"toegankelijker",2
"toegankelijkere",1
"toegankelijkheid",8
"toegekend",1
"toegenomen",3
"toegepast",1
"toegevoegde",1
"toegewezen",1
"toekennen",1
"toekenning",2
"toekomst",28
"toekomstgerichte",1
"toekomstige",3
"toekomstvisie",1
"toelaat",2
"toelaten",3
"toeleiding",2
"toeleveranciers",1
"toename",7
"toenames",1
"toeneemt",2
"toenemen",4
"toenemende",6
"toepassen",3
"toepassing",1
"toepassingen",7
"toepassingsgebied",2
"toepassingsperiode",1
"toerisme",8
"toeristische",5
"toeslag",1
"toeslagen",1
"toets",2
"toetsen",1
"toeval",1
"toewijzen",1
"toezicht",1
"toezichtskader",1
"together",1
"tolereren",1
"tolrichtlijn",1
"ton",1
"tonen",2
"tongeren",1
"toonaangevend",1
"toont",2
"top",3
"topkwaliteit",1
"toppers",2
"toppositie",1
"topprioriteit",1
"topsport",1
"toptalenten",1
"totaal",1
"totaalpakket",1
"totaalvisie",1
"totale",1
"tour<U+2019>",1
"tour<U+2019>bezoek",1
"trac<U+00E9>",1
"track",1
"trade",6
"traditie",1
"traditioneel",1
"traditionele",2
"traject",3
"trajectbegeleiding",3
"trajecten",7
"tram",1
"tramlijn",1
"tramnetwerk",1
"tramprojecten",2
"tramverbindingen",3
"tramverlenging",1
"transactiekosten",1
"transacties",2
"transformatie",9
"transformatiepact",2
"transformaties",1
"transformeren",1
"transparant",6
"transparante",2
"transparanter",2
"transparantie",3
"transport",3
"transportbelastingen",6
"transportdeskundigen",1
"transportnetwerk",1
"transportsystemen",1
"transversale",1
"trappen",2
"treden",3
"treffen",1
"trein",1
"treinen",1
"trekken",5
"trekker",1
"trekt",1
"triple",1
"troeven",2
"trok",2
"trots",3
"trouw",2
"tunnel",1
"tussen",66
"tussenbeide",1
"tussenkomst",1
"tussenliggende",1
"twee",7
"tweede",12
"tweedeling",1
"tweejaarlijkse",1
"tweerichtingsverkeer",1
"tweeverdieners",1
"types",1
"typevoorschriften",1
"uitbouw",8
"uitbouwen",2
"uitbreiden",6
"uitbreiding",5
"uitbreidingen",1
"uitbreidingsbeleid",1
"uitdagen",1
"uitdaging",2
"uitdagingen",12
"uitdoven",1
"uitdrukkelijk",1
"uiteenlopende",1
"uiteindelijk",3
"uiteraard",4
"uiterlijk",1
"uitgaan",3
"uitgangspunt",4
"uitgangspunten",5
"uitgaven",16
"uitgavengroei",1
"uitgavennorm",1
"uitgebalanceerd",1
"uitgebouwd",1
"uitgebreid",3
"uitgebreide",1
"uitgegeven",1
"uitgelegd",1
"uitgelezen",1
"uitgeput",1
"uitgestelde",1
"uitgevoerd",3
"uitkering",11
"uitkeringen",3
"uitkomt",1
"uitmaakt",1
"uitmaken",5
"uitmonden",1
"uitmunten",2
"uitoefenen",2
"uitrol",2
"uitrollen",1
"uitrusting",1
"uitsluitend",1
"uitspelen",1
"uitstaande",1
"uitstek",2
"uitstel",1
"uitstoot",2
"uitstroom",1
"uittrede",1
"uittreders",1
"uittreding",4
"uitvoerbestemmingen",1
"uitvoerdocumenten",1
"uitvoeren",5
"uitvoering",14
"uitwaaiering",1
"uitwerken",1
"uitwerking",1
"uitwisselen",1
"uitwisseling",2
"uitwisselingsprogramma<U+2019>s",1
"uitzondering",1
"uitzonderingen",1
"uitzonderingsregimes",1
"uk<U+2019>",1
"unie",1
"uniek",1
"unieke",3
"uniforme",2
"universele",1
"universiteiten",3
"uptodate",1
"uren",1
"urencontingent",1
"urgentieopvang",1
"uurforfait",1
"vaak",17
"vacatures",1
"vaccinatie",1
"vaders",1
"vak",1
"vakantie",1
"vakbekwame",1
"vaker",2
"vakkundig",1
"vakmanschap",1
"validatie",1
"valideren",1
"valley",2
"valorem",1
"valorisatie",1
"valt",1
"vanaf",7
"vandaag",19
"vangnet",2
"vanop",1
"vanuit",6
"vanwege",1
"vanzelfsprekend",4
"vari<U+00EB>ren",1
"varianten",1
"varkensvlees",1
"vast",4
"vaste",2
"vastgelegd",1
"vastgesteld",1
"vasthouden",1
"vaststellen",1
"vaststelling",2
"vaststellingen",1
"vaten",2
"vdab",11
"veelbelovend",1
"veeleer",1
"veevoedersector",1
"veilig",8
"veilige",7
"veiligere",1
"veiligheid",8
"veiligheidscertificaten",1
"veiligstellen",1
"vele",3
"vennootschapsbelasting",4
"ver",2
"veraf",1
"veralgemeend",1
"veralgemenen",2
"veranderen",2
"veranderende",1
"verandering",3
"veranderingen",3
"verandert",4
"verankerd",1
"verankerde",1
"verankering",2
"verant",1
"verantwoorde",1
"verantwoordelijk",2
"verantwoordelijkheid",12
"verantwoordelijkheidszin",1
"verantwoorden",1
"verantwoording",1
"verband",2
"verbeterd",4
"verbeterde",2
"verbeteren",8
"verbetering",2
"verbeteringspremie",1
"verbeteringspremies",1
"verbeterpunten",1
"verbetert",1
"verbinden",1
"verbinding",4
"verbindingen",1
"verbintenis",1
"verbintenissen",2
"verblijf",1
"verbonden",3
"verbreed",2
"verbruiken",1
"verbruiker",1
"verbruikers",1
"verdedigen",1
"verdeeld",1
"verdeelplaatsen",1
"verdelen",1
"verdeling",1
"verder",9
"verdere",6
"verdiende",1
"verdienen",2
"verdient",2
"verdieping",1
"verdrag",1
"verdubbelde",1
"verdunt",1
"verdwijnen",3
"vereenvoudigd",3
"vereenvoudigen",7
"vereenvoudiging",5
"vereenvoudigingstraject",1
"vereisen",2
"vereist",15
"vereiste",3
"verenigd",1
"verenigingen",5
"verenigingslokalen",1
"verergering",1
"vergaderingen",1
"vergelijkbaar",1
"vergelijkbare",1
"vergelijkend",1
"vergelijking",4
"vergemakkelijken",3
"vergemakkelijkt",1
"vergen",3
"vergoeden",2
"vergoeding",1
"vergrijzende",2
"vergrijzing",12
"vergroot",3
"vergrootglas",1
"vergroten",2
"vergt",9
"vergunning",4
"vergunningen",1
"vergunningsplichtige",2
"verhaal",4
"verhogen",12
"verhoging",3
"verhogingen",2
"verhoogd",1
"verhoogde",2
"verhoogt",1
"verhouding",5
"verhoudingen",1
"verhoudingsgewijs",1
"verhuizen",1
"verhuurkantoren",1
"verkeer",3
"verkeerde",1
"verkeers",1
"verkeersbelasting",1
"verkeersdoden",4
"verkeersdrukte",1
"verkeersfiscaliteit",1
"verkeersgedrag",1
"verkeershinder",1
"verkeersingrepen",1
"verkeersleefbaarheid",1
"verkeersmanagement",2
"verkeersopvoeding",1
"verkeersslachtoffer",1
"verkeersstromen",1
"verkeersveiligheid",8
"verkeersveiligheidsbeleid",2
"verkennen",1
"verkiezen",1
"verkiezingsprogramma",4
"verklaard",1
"verklaarde",1
"verklaart",2
"verkleinen",2
"verkleurt",1
"verkochte",1
"verkregen",1
"verkrijgen",2
"verkrijgt",1
"verlaagd",1
"verlagen",4
"verlaging",1
"verlaten",3
"verleden",7
"verleend",1
"verleggen",1
"verlegt",2
"verlengen",1
"verlenging",4
"verlies",1
"verlieslatend",1
"verliest",1
"verliesuren",1
"verliezen",2
"verloedering",1
"verlofstelsels",1
"verloning",1
"verloopt",3
"verlopen",3
"verloren",3
"vermaatschappelijking",8
"vermarkt",2
"vermarkting",4
"vermeden",1
"vermijden",15
"verminderd",1
"verminderen",8
"vermindering",5
"vermindert",2
"vermits",1
"vermogende",1
"vernemen",1
"vernietigd",1
"vernietiging",1
"vernieuwd",6
"vernieuwde",3
"vernieuwende",4
"vernieuwing",2
"vernieuwingen",1
"veronderstellen",2
"veronderstelt",6
"verouderde",1
"verplaatsen",2
"verplaatsing",1
"verplaatsingen",3
"verplaatsingsgedrag",2
"verplaatsingswijze",2
"verpleegkundigezorgkundige",1
"verplicht",2
"verplichte",1
"verplichtingen",1
"verrekenen",1
"verruimd",1
"verruimen",1
"verruiming",4
"versa",2
"versagen",1
"verschaft",1
"verschafte",1
"verscherpen",1
"verschil",15
"verschillen",8
"verschillend",2
"verschillende",40
"verschuift",1
"verschuiven",4
"verschuiving",9
"verschuivingen",1
"verschuldigde",1
"versnelde",1
"versnellen",2
"versnelling",3
"versnippering",1
"versoepelen",2
"verspilling",1
"verspreiden",1
"versterken",31
"versterking",4
"versterkt",18
"versterkte",1
"verstevigen",1
"verstevigt",1
"verstikkende",1
"verstrekken",1
"vertaalden",1
"vertaalt",1
"vertegenwoordigd",2
"vertegenwoordigers",1
"vertegenwoordigt",1
"vertrekken",3
"vertrekt",1
"vertrokken",1
"vertrouwd",1
"vertrouwde",1
"vertrouwen",24
"vervallen",1
"vervangen",3
"vervangingsinkomen",1
"vervangingsmogelijkheden",1
"vervangingsuitkeringen",1
"vervoer",9
"vervoeraanbod",1
"vervoermaatschappijen",1
"vervoernetwerk",2
"vervoersaanbod",1
"vervoersdata",1
"vervoersmaatschappijen",2
"vervoersmiddelen",2
"vervoersmodi",1
"vervoersnetwerk",1
"vervoersorganisatie",1
"vervoersplan",1
"vervoersplannen",1
"vervolgens",4
"vervolledigd",1
"vervolledigen",4
"vervroegd",1
"vervroegde",5
"verwacht",2
"verwachte",1
"verwachten",2
"verwachting",1
"verwachtingen",2
"verwanten",1
"verwarming",1
"verwarrende",1
"verwerven",5
"verweven",1
"verwevenheid",2
"verweving",1
"verwezenlijken",10
"verwezenlijking",2
"verwezenlijkingen",1
"verwezenlijkt",4
"verwijst",1
"verwitting",1
"verwoordden",1
"verwoordt",1
"verworpen",1
"verworven",4
"verzanden",1
"verzekerd",1
"verzekeren",5
"verzekeringskarakter",1
"verzekeringsprincipe",1
"verzekert",1
"verzendingen",1
"verzesvoudigd",1
"verzoenen",1
"verzorgen",2
"verzorgers",1
"verzorging",2
"verzuchtingen",1
"vestigen",1
"vestigingswetgeving",1
"vet",1
"via",19
"vice",2
"vicieuze",1
"vier",5
"vierdaagse",1
"vignet",1
"vijf",8
"vinden",8
"vindt",13
"vinger",1
"visie",12
"visserijonderzoek",1
"vitalink",1
"vlaams",27
"vlaamsbrabant",1
"vlaamse",96
"vlaanderen",80
"vlaanderen<U+201D>",1
"vlaanderenbrussel",1
"vlak",21
"vlaming",7
"vlamingen",4
"vlekken",1
"vloeit",1
"vloeroppervlaktes",1
"vlot",9
"vlotte",7
"vlotter",2
"vlottere",1
"voeding",2
"voedingssector",6
"voedselveiligheid",1
"voedselveiligheidsstandaarden",1
"voedselverliezen",1
"voelen",1
"voerde",1
"voeren",20
"voert",1
"voertuig",1
"voertuigen",3
"voet",1
"volatiliteit",1
"voldoen",1
"voldoende",19
"volgehouden",1
"volgen",2
"volgend",1
"volgende",14
"volgens",16
"volgt",6
"volkscaf<U+00E9>",1
"volksgezondheid",1
"volkslening",1
"volksleningen",1
"volksverzekering",6
"volle",6
"volledig",2
"volledige",10
"volop",2
"volstaan",2
"voltijds",1
"voltijdse",1
"voluit",2
"volume",1
"volwaardig",1
"volwaardige",4
"volwassenenonderwijs",2
"voo",1
"vooraanstaande",1
"vooraf",2
"vooral",13
"vooraleer",1
"voorbaat",1
"voorbeeld",3
"voorbeelden",4
"voorbeeldfunctie",1
"voorbeeldprojecten",1
"voorbereid",3
"voorbereiden",2
"voorbereidende",1
"voorbereiding",2
"voorbereidingen",2
"voorbereidt",1
"voorbije",12
"voordeel",6
"voordele",2
"voordelen",7
"voordien",2
"voordoen",3
"vooreerst",2
"voorgaan",1
"voorheffing",1
"vooringevuld",1
"voorkeur",1
"voorkomen",4
"voorleggen",1
"voorlopers",1
"voormeld",1
"voormelde",1
"voornaamste",1
"voornamelijk",1
"voorop",9
"vooropstelt",2
"voorrang",10
"voorschrijfprofiel",1
"voorschrijfprofielen",1
"voorschrijven",1
"voorschrijven<U+2019>",1
"voorsprong",1
"voorstadsnet",1
"voorstander",3
"voorstel",2
"voorstellen",1
"voorstelt",1
"voort",12
"voortaan",5
"voortdurend",2
"voortgaande",1
"voorts",4
"voortzetten",1
"voortzetting",1
"vooruit",1
"vooruitgang",60
"voorwaarde",5
"voorwaarden",2
"voorwaarts",1
"voorwoord",6
"voorzien",7
"voren",1
"vorige",4
"vorm",4
"vormen",8
"vormfout",1
"vormfouten",1
"vorming",7
"vormingsaanbod",1
"vormt",1
"voucher",1
"vraag",11
"vraaggestuurde",1
"vraagsturing",2
"vraagt",6
"vrachtverkeer",1
"vrachtvervoer",1
"vrachtwagenfiscaliteit",1
"vrachtwagenkilometers",1
"vrachtwagens",4
"vragen",2
"vreemde",2
"vriendelijk",1
"vrienden",1
"vrijblijvend",1
"vrije",5
"vrijetijdsactoren",1
"vrijetijdsnetwerk",1
"vrijgesteld",1
"vrijgestelde",1
"vrijheid",2
"vrijkomen",1
"vrijkomt",1
"vrijstelling",4
"vrijstellingen",1
"vrijwaart",1
"vrijwaren",5
"vrijwel",2
"vrijwillige",1
"vrijwilligers",4
"vrijwilligerswerk",1
"vroegdetectie",1
"vroeger",1
"vroegere",1
"vrouwelijke",1
"vrouwen",2
"vrt",2
"vsb",12
"vte",2
"vullen",3
"vuren",1
"vvsg",1
"w<U+00B2>",1
"w<U+00E9>l",2
"waalse",2
"waar",36
"waaraan",1
"waarbij",4
"waarborgen",1
"waarborgregeling",2
"waarde",2
"waardeer",1
"waardeert",3
"waardenketens",1
"waarderen",7
"waardering",4
"waardoor",11
"waarheidsgetrouw",1
"waarin",11
"waarmaakt",1
"waarmaken",3
"waarmee",4
"waarom",4
"waaronder",7
"waarop",9
"waarover",2
"waarvan",5
"waasland",1
"waaslandhaven",1
"wachten",1
"wachtlijsten",1
"wachtuitkering",1
"wagen",1
"wakker",1
"walloni<U+00EB>",1
"wandelnetwerken",1
"wanneer",14
"wapenen",1
"wapens",1
"ware",1
"warm",2
"warme",4
"warmte",1
"wase",1
"water",4
"waterkwaliteit",2
"wateroverlast",2
"waterstofeconomie",1
"waterweg",1
"waterwegen",4
"waterwegprojecten",1
"wederbeleggingsvergoeding",1
"weefsel",6
"weer",7
"weg",24
"wegen",4
"wegennetwerk",1
"weggebruiker",1
"weggebruikers",3
"wegnemen",4
"wegwerken",10
"weinig",2
"weinige",1
"wel",16
"welbepaalde",1
"welbevinden",1
"weldoordachte",3
"welgestelden",1
"weliswaar",1
"welk",3
"welke",6
"welomschreven",2
"welslagen",1
"welstand",1
"welvaart",14
"welvaartsdriehoek",2
"welvaartsenveloppe",2
"welvaartsenveloppen",1
"welvaartskoppeling",1
"welvaartsniveau",1
"welvaartspeil",1
"welvaartspiramide",1
"welvaartsstaat",1
"welvaartstaat",1
"welvarende",4
"welzijn",21
"welzijns",6
"welzijnsactoren",1
"welzijnsbeleid",2
"welzijnsgerichte",1
"welzijnsluik",1
"welzijnssector",1
"welzijnszorg",1
"welzijnwerk",1
"wenselijk",1
"wenselijke",2
"wenselijkheid",1
"wensen",4
"wenst",11
"werden",8
"wereld",13
"werelddoelstellingen",1
"wereldmarkt",1
"wereldoorlog",1
"wereldranking",3
"wereldtop",1
"wereldvlak",2
"wereldwijd",3
"weren",1
"werk",31
"werkbare",1
"werkcomponent",4
"werken",62
"werkervaring",4
"werkervaringsbedrijven",1
"werkgebieden",1
"werkgelegenheid",7
"werkgelegenheid<U+2019>",1
"werkgelegenheidsgraad",2
"werkgever",2
"werkgevers",7
"werkgeversbijdragevermindering",1
"werkhervatting",1
"werking",4
"werkingsmiddelen",2
"werkingsuitkeringen",1
"werklast",1
"werkloos",1
"werkloosheid",14
"werkloosheidsvallen",1
"werkloosheiduitkering",1
"werklozen",2
"werknemer",5
"werknemers",15
"werknemersen",1
"werkomgeving",1
"werkonderbreking",1
"werkplek",5
"werkplekken",2
"werkplekleren",6
"werkplicht",1
"werkt",7
"werktijdvermindering",1
"werkvloer",2
"werkvormen",1
"werkweek",1
"werkwijze",1
"werkzaamheidsgraad",4
"werkzekerheid",2
"werkzoekende",1
"werkzoekenden",4
"wervik",1
"westhoek",1
"westkust",1
"westvlaanderen",3
"wet",4
"weten",10
"wetenschap",3
"wetenschappelijk",2
"wetenschappelijke",2
"wetgevend",1
"wetgeving",3
"wetteksten",2
"wettelijk",2
"wettelijke",4
"wetteren",1
"wieg",2
"wij",28
"wijk",2
"wijnegem",1
"wijnegemantwerpen",1
"wijten",1
"wijze",1
"wijzigen",1
"wijzigende",1
"wijziging",2
"wijzigingen",1
"wildgroei",1
"willen",60
"wilrijk",1
"wind",2
"windmolenparken",1
"winkelen",1
"winkeloppervlakten",1
"winkelvloeroppervakte",1
"winnen",1
"winst",1
"winsten",2
"winwinlening",1
"wisselen",1
"witte",1
"witwassen",1
"witwaswetgeving",1
"woluwevallei",1
"wonderformule",1
"wonen",16
"wonenwelzijn",1
"woning",3
"woningen",2
"woningmarkt",1
"woonbeleid",2
"woonbonus",3
"woonen",1
"woongelegenheden",1
"woonkernen",2
"woonschoolverkeer",1
"woonvormen",5
"woonwerk",1
"woonwerkverkeer",1
"woonzorgcentra",2
"woonzorgcentrum",2
"woordelijkheid",1
"woorden",1
"wordende",2
"zaak",1
"zagen",1
"zaken",1
"zaventem",1
"zeebrugge",2
"zeebrugse",1
"zeehaven",2
"zeehavens",1
"zeer",16
"zeesluis",1
"zeetex",1
"zeggen",4
"zegt",4
"zei",1
"zeker",12
"zekerheid",39
"zekerheidsvoorwaarden",1
"zelfcontrole",1
"zelfdiscipline",1
"zelfs",7
"zelfstandig",2
"zelfstandige",2
"zelfstandigen",7
"zelfzorg",1
"zero<U+2019>",1
"zes",1
"zette",1
"zetten",18
"zgn",1
"zicht",4
"zichtbaar",3
"zichzelf",3
"zie",2
"ziek",2
"zieke",1
"zieken",1
"ziekenfondsen",3
"ziekenhuis",3
"ziekenhuisfacturen",1
"ziekenhuisinfrastructuur",1
"ziekenhuisopname",1
"ziekenhuisorganisatie",1
"ziekenhuiszorg",1
"ziekenhuizen",4
"ziekte",3
"ziektegericht",1
"ziektekosten",1
"ziektekostenverzekering",1
"ziekten",3
"ziekteverloop",1
"ziekteverzekering",5
"zien",8
"ziet",1
"zijnde",1
"zijns",1
"zin",1
"zinvol",1
"zinvolle",2
"zinvoller",1
"zit",5
"zitten",4
"zoals",32
"zodanig",1
"zodat",28
"zodoende",1
"zoek",4
"zoeken",4
"zoektocht",2
"zogenaamd",1
"zogenaamde",3
"zogenoemde",3
"zomaar",2
"zon",1
"zones",2
"zorg",99
"zorg<U+2019>",1
"zorgaanbieders",6
"zorgaanbod",3
"zorgactoren",1
"zorgbehoefte",2
"zorgbehoeften",2
"zorgbehoevend",1
"zorgbehoevenden",2
"zorgbehoevendheid",1
"zorgbeleid",4
"zorgberoepen",2
"zorgbudget",1
"zorgden",1
"zorgdoelgroepen",2
"zorgeconomie",1
"zorgen",17
"zorgfonds",1
"zorggarantie",2
"zorginnovatie",4
"zorgkassen",2
"zorgkost",1
"zorgkosten",1
"zorgkwaliteit",1
"zorgnoden",3
"zorgnood",4
"zorgorganisatorische",1
"zorgoverleg",1
"zorgpaden",1
"zorgplan",1
"zorgproces",1
"zorgregiodecreet",1
"zorgsector",2
"zorgstelsel",1
"zorgsysteem",1
"zorgsystemen",1
"zorgt",18
"zorgtraject",1
"zorgtrajecten",1
"zorguitgaven",1
"zorgverleners",3
"zorgverlening",4
"zorgverstrekkers",2
"zorgverstrekking",1
"zorgverzekering",2
"zorgverzekeringsplatform",1
"zorgvormen",8
"zorgvrager",10
"zorgvuldig",1
"zorgzaam",1
"zottegem",1
"zouden",2
"zoveel",7
"zowel",19
"zuiden",3
"zuinig",2
"zuiver",1
"zullen",28
"zwaar",1
"zwaarste",1
"zwaartepunt",2
"zwak",1
"zwakke",1
"zwakkere",1
"zware",1
"zweden",1
"zwembaden",3
"zwemmen",1
"zwijnaarde",2
